i,j,owner1,owner2,token_set,rapidfuzz,levenshtein,core_sim,label
57560,191828,CITY MOTOCORP,CITY RIDE,61.53846153846154,54.54545454545454,8,61.53846153846154,
33772,271571,HARIHAR LOGISTICS MOVERS PACKERS,AJAY ROYAL PACKER S LOGISTIC,63.333333333333336,43.333333333333336,26,61.111111111111114,
154034,323860,PREMIER BARS,PREMIER MERCHANTS,73.6842105263158,68.96551724137932,7,73.6842105263158,
122549,315265,BABU JI FILLING STATION,LAL BABU SONS,61.111111111111114,44.44444444444444,18,61.111111111111114,
299988,325936,RAGHAV AUTO,RAGHAV METALS TRADE,70.58823529411765,60.0,10,100.0,
56395,195286,SRINIVASA TOURS TRAVELS,SRINIVASA PHARMA,72.0,61.53846153846154,11,100.0,
5,90919,AMARAVATHI GATEWAY,AMARAVATHI ENTERPRISES,71.42857142857143,65.0,9,100.0,
33796,117191,AS PACKERS PROVIDERS,CERTIFIED PACKERS MOVERS,63.63636363636363,63.63636363636363,13,63.63636363636363,
217391,320097,ELITE INDIA EXPORTS,ELITE BRIDGE BEARINGS,60.0,60.0,11,55.55555555555556,
196565,338601,SRINIVASA GAS AGENCIES,SRINIVASA ENGINEERING,69.76744186046511,65.11627906976744,10,100.0,
59997,297145,RACHHPAL AUTO ALLIANCE,BIO ALLIANCE HEALTHCARE,62.22222222222222,44.44444444444444,18,64.0,
194054,254558,JYOTI PROCESSORS,KOTHARI PROCESSORS,82.35294117647058,82.35294117647058,5,82.35294117647058,
69012,268466,CITY LAKE HOTEL,CITY,100.0,42.10526315789473,11,100.0,
12582,80724,SULZER PROCESSORS,SHREE SHYAM PROCESSORS,74.07407407407408,66.66666666666667,9,74.07407407407408,
47362,54965,CONCEPT POWERTECH,CONCEPT MOTORCAR,66.66666666666666,66.66666666666667,7,66.66666666666666,
96048,112030,RIO UNIVERSAL,UNIVERSAL STARCH CHEM ALLIED,81.81818181818181,43.90243902439024,23,81.81818181818181,
78694,251889,SSS PREMIER FOODS,PREMIER CNC PRESS SHOP,61.53846153846154,46.15384615384615,17,77.77777777777777,
159013,333240,VENKATESWARA STORES,VENKATESWARA PLASTERS,85.0,85.0,5,85.0,
280410,334090,EASY TOURS TRAVELS,LEO EASY SERVICES,62.857142857142854,57.14285714285714,14,100.0,
42867,223302,SAI PACKERS TRADERS,MAHAMAYA PACKERS MOVERS,61.904761904761905,61.904761904761905,11,77.77777777777777,
117544,323545,BHILWARA MINES MINERALS,NRSKS MINES MINERALS,82.35294117647058,74.4186046511628,8,82.35294117647058,
210875,315587,MANAGING PARTNER K D THOMAS,PROPRIETOR MANI THOMAS MANI,65.3061224489796,44.44444444444444,22,65.3061224489796,
252828,325012,L I C OF INDIA U C ASHOK KUMAR,ASHOK SALES,62.5,34.14634146341463,24,62.5,
17575,346298,PIONEER SMT TECHNOLOGIES,PIONEER STEELS,68.42105263157895,68.42105263157895,11,100.0,
195278,340324,PARAMOUNT OFFICE SYSTEMS,SYNERGY OFFICE AUTOMATION,61.224489795918366,44.89795918367348,18,61.224489795918366,
161533,314211,RADHA KRISHAN PACKERS,MEEM PACKERS,73.6842105263158,48.484848484848484,13,73.6842105263158,
13713,247466,MOHAN MINES,MAA ANJANI MINES MINERALS,62.5,50.0,16,62.5,
109286,296731,UNIVERSAL BLUE METALS INDIA,UNIVERSAL INFRA,75.0,61.904761904761905,14,100.0,
22089,195286,M SRINIVASA MUDALIAR SONS,SRINIVASA PHARMA,72.0,58.53658536585367,13,72.0,
106182,298119,SUNNY MATHEW PROPRIETOR,PROPRIETOR SHAJI MATHEW,85.0,43.47826086956522,22,85.0,
88821,251648,DIRECTOR JOSEPH RUBBERS INDIA,PROPRIETOR ROSE RANI JOSEPH,64.28571428571428,46.42857142857143,21,64.0,
47435,216446,PREMIER AD WORKS,PREMIER AGENCIES,62.5,62.5,6,100.0,
102117,291464,ASHOK ENGINEERING,GARG ASHOK,66.66666666666666,37.03703703703704,16,100.0,
101202,228372,HAUM ALLIANCE,UNITED ALLIANCE HEALTH CARE,76.19047619047619,50.0,18,76.19047619047619,
84163,219624,UNIVERSAL SILK MILLS,UNIVERSAL INFRA,75.0,62.857142857142854,9,100.0,
245600,284744,ALLIANCE CURE,ALLIANCE PREMIUM CONSTRUCTION,76.19047619047619,52.38095238095239,18,76.19047619047619,
186357,211883,UNIVERSAL IMP EXP HOSPITALITY,UNIVERSAL LOGISTICS,64.28571428571428,58.33333333333333,16,100.0,
94826,243433,S S SELVI UNIVERSAL AGENCY,UNIVERSAL AIRCON SYSTEMS,66.66666666666666,52.0,21,69.23076923076923,
55,194622,RR INFRA,RR INFRA PROJECTS DEVELOPERS,100.0,44.44444444444444,20,100.0,
44623,192408,CONCEPT PLAST,CONCEPT INDIA,70.0,69.23076923076923,5,100.0,
194679,288709,FILTER CONCEPT,GLOBAL CONCEPTS,62.06896551724138,62.06896551724138,7,62.06896551724138,
93768,347595,SUPERMARKET GROCERY SUPPLIES,A V SUPPLIES,80.0,55.00000000000001,17,80.0,
88813,268475,ROCKCITY READYMIX CONCRETE,READYMIX CONSTRUCTION MACHINERY,63.1578947368421,52.63157894736843,25,63.63636363636363,
148827,295168,AGARWAL WOOD INDUSTRIES,ARIN WOOD PRODUCTS,63.41463414634146,58.53658536585367,12,50.0,
195286,282920,SRINIVASA PHARMA,SAI SRINIVASA BIO PRODUCTS,72.0,57.14285714285714,15,72.0,
6981,169850,BABU MATHEW PROPRIETOR,BABU LAL,66.66666666666666,40.0,16,66.66666666666666,
100090,294831,PIONEER POLYLEATHERS,PIONEER PRINTERS PACKAGERS,60.869565217391305,60.86956521739131,12,60.869565217391305,
54130,267369,SHAKYA LOGISTICS PARK,N E LOGISTICK PARK,71.7948717948718,71.7948717948718,7,53.333333333333336,
110684,172849,PIONEER TYRES,PIONEER INFO SOLUTIONS INDIA,70.0,48.78048780487805,18,73.6842105263158,
142647,308155,MAHALAYA RESIDENCY,ORIENTAL RESIDENCY HOTELS,66.66666666666666,55.81395348837209,15,66.66666666666666,
12215,107465,ASHOK GULATI HUF,ASHOK KUMAR SONS HUF,72.0,66.66666666666667,8,72.0,
57347,317994,UNIVERSAL ROADWAYS,UNIVERSAL TOURS TRAVELS,66.66666666666666,63.41463414634146,10,100.0,
103952,279548,ARCHITECTS,DAULAT PUNEET ARCHITECTS,100.0,58.82352941176471,14,100.0,
161622,327462,VENKATESWARA COTTON TRADERS,VENKATESWARA SPARE PARTS,66.66666666666666,66.66666666666667,11,77.41935483870968,
49557,322980,UNIVERSAL AGROSCIENCES,UNIVERSAL MILL STORES,60.46511627906977,60.46511627906976,10,60.46511627906977,
262414,346298,PIONEER MARKETING,PIONEER STEELS,66.66666666666666,58.06451612903225,8,100.0,
282840,288917,UNIVERSAL MART,SAVITT UNIVERSAL,80.0,60.0,12,100.0,
81,93265,LAKSHMI GANESH ALLUMINIUM MILL,ROYAL ALLUMINIUM,76.92307692307692,52.17391304347826,18,76.92307692307692,
61474,273168,NEXA PROCESSORS,KAMAL PROCESSORS,80.0,77.41935483870968,4,80.0,
27041,172825,PREMIER CARWORLD,PREMIER ELECTRICAL SERVICE,60.869565217391305,52.38095238095239,15,64.70588235294117,
251297,294228,ASHOK KUMAR RAJPAL,ASHOK KUMAR ARORA OIL,76.92307692307692,76.92307692307692,6,76.92307692307692,
102400,275900,R D PACKERS PRINTERS,MLR PACKERS MOVERS,63.1578947368421,68.42105263157895,8,66.66666666666667,
101867,279298,HR UNIVERSAL SYSTEMS,AAKASH UNIVERSAL,72.0,61.111111111111114,14,72.0,
114027,191828,NETWORK AGRI CITY,CITY RIDE,61.53846153846154,30.76923076923077,13,77.77777777777777,
41383,325288,ELITE REALTY,17 ELITE,76.92307692307692,50.0,9,76.92307692307692,
9618,88341,LSC MINES MINERALS,RUDRA MINES,62.5,41.379310344827594,12,62.5,
43618,298363,PIONEER TRADING,PIONEER INDUSTRIES,66.66666666666666,66.66666666666667,9,100.0,
131312,221781,DOMA CONCEPTS,CONCEPT WEAVERS,64.28571428571428,57.14285714285714,12,64.28571428571428,
175251,308319,UNIVERSAL BIOFUELS,UNIVERSAL ANALYTICAL LAB,66.66666666666666,57.14285714285714,12,66.66666666666666,
137507,141165,NAHAR SPINNING MIILS,EVEREADY SPINNING MILLS,60.46511627906977,69.76744186046511,8,66.66666666666667,
232001,317113,NAVIN WOOD INDUSTRIES,SURAJ WOOD INDUSTRIES,83.33333333333333,80.95238095238095,5,60.0,
10148,342583,VICTOR PACKERS,RUDRA PACKERS MOVERS,66.66666666666666,52.94117647058824,13,66.66666666666666,
247161,328648,SRINIVASA CYSTINE,SHREE SRINIVASA ENTERPRISES,69.23076923076923,59.09090909090908,15,75.0,
50148,270328,S S PIONEER,PIONEER INDUSTRIAL,87.5,48.275862068965516,15,87.5,
6476,264217,GEETA AUTO SALES,GEETA GARMENTS,60.0,60.0,9,72.0,
1004,315542,MANAGING DIRECTOR JOSEPH J VAYALAT,MANAGING PARTNER SHAJI JOSEPH,68.18181818181819,60.31746031746032,19,68.18181818181819,
224386,264661,VENKATESWARA STEELS SPRINGS,VENKATESWARA LOVAPRASAD EXPORTS,65.51724137931035,65.51724137931035,15,75.0,
54674,69367,UNIVERSAL MARBLES,UNIVERSAL HOSPITAL,69.23076923076923,68.57142857142857,8,69.23076923076923,
298091,340358,ABEY PEEDIKAYIL GRACE VILLA THOMAS,THOMAS V M,75.0,27.27272727272727,29,75.0,
1053,278562,AM OFFICE SOLUTIONS,AMOGH OFFICE SYSTEMS,66.66666666666666,66.66666666666667,9,80.0,
56878,263297,SHAILY MATHEW PROPRIETOR,NAVEEN MATHEW PHILIP PROPRIETOR,82.92682926829268,69.0909090909091,13,82.92682926829268,
158808,282140,JAYA SHREE VENKATESWARA INFRA,VENKATESWARA FURNITURE WORKS,60.0,52.63157894736843,24,70.58823529411765,
158742,286574,PLOTUS CONCEPTS,ETUWA CONCEPTS,75.86206896551724,75.86206896551724,5,75.86206896551724,
36998,282784,WOOD MART,JAI SHAKUMBRI WOOD INDUSTRIES,61.53846153846154,31.57894736842105,23,100.0,
68826,98413,BOMBAY CRANE SERVICE,BOMBAY SPRINGS INDIA,60.0,55.00000000000001,11,69.23076923076923,
73273,270256,VIKRAM PLY WOOD INDUSTRIES,JAGDAMBA WOOD INDUSTRIES,76.92307692307692,72.0,8,50.0,
131820,226412,PREMIER DISTRIBUTORS,PREMIER MODERN WINDOWS,61.904761904761905,61.904761904761905,11,61.904761904761905,
281938,340874,JL DAGA MINES MINERALS,TEJESH MINES MINERALAS,63.63636363636363,72.72727272727273,8,71.7948717948718,
234110,303357,M A ASIF UNIVERSAL TIMBERS,UNIVERSAL ORBITAL SYSTEMS,62.745098039215684,50.98039215686274,20,62.745098039215684,
88855,226397,BINU THEKKEDATH JOSEPH PROPRIETOR,BINCE JOSEPH PROPRIETOR,85.0,78.57142857142857,11,85.0,
70560,233461,JUBILANT FOOD WORKS,JUBILANT FPOODWORKS,94.73684210526315,94.73684210526316,2,100.0,
85773,103509,ALLIANCE STRATEGIES,ALLIANCE INFOTECH,64.0,61.111111111111114,8,64.0,
194997,276543,SKN TEMPLE ARCHITECTS SCULPTORS,T SQRE ARCHITECTS,74.07407407407408,54.16666666666667,18,74.07407407407408,
17777,131253,SRINIVASA GUNNY STORES,SRINIVASA BRICKS,72.0,63.1578947368421,11,72.0,
5046,119870,ASHOK SALES,ASHOK KUMAR JAIN PROP S R OSWAL,62.5,42.85714285714286,23,62.5,
106316,140358,VENKATESWARA LORRY TRANSPORT,VENKATESWARA ASSOCIATES,68.57142857142857,66.66666666666667,14,80.0,
131692,189906,RAGHAV COTEX,RAGHAV CHEMICALS,66.66666666666666,64.28571428571428,8,66.66666666666666,
223484,321626,UJJWAL RESIDENCY,HOTEL KRISHNA RESIDENCY,72.0,56.41025641025641,13,72.0,
237513,333144,SOUTH EAST CONS,HARI CONS ASSO,68.9655172413793,48.275862068965516,13,68.9655172413793,
325505,328599,KUND ARCHITECTS,RAGHAVA ARCHITECTS,80.0,66.66666666666667,7,80.0,
70370,150255,JUBILANT ADVENTURES,JUBILANT FOOWORKS,64.0,61.111111111111114,8,64.0,
51673,170356,DUTTA KANNAN ARCHITECTS,GOLDEN INDIA ARCHITECTS,65.21739130434783,65.21739130434783,11,74.07407407407408,
32225,337100,PIONEER POLY PRODUCTS,PIONEER MINERALS PROCESSING,62.5,62.5,14,62.5,
65095,114600,SIVA SANKAR MOTORS LTS,SANKAR TRADING,60.0,50.0,13,100.0,
263930,327030,UNIVERSAL ELECTRIC WORKS,UNIVERSAL PLATE SYSTEM,60.869565217391305,60.86956521739131,12,100.0,
65199,152508,SHIV MINES,BHOM DARBAR MINES MINERALS,66.66666666666666,44.44444444444444,18,66.66666666666666,
105267,169800,VENKATESWARA WIRE PRODUCTS,SRILAKSHMI VENKATESWARA ENTERPRISES,63.1578947368421,55.73770491803278,20,68.57142857142857,
20045,147359,MITTAPALLI SPINNING,SHAMY SPINNING MILLS,66.66666666666666,51.28205128205128,15,66.66666666666666,
61473,212952,MG PROCESSORS,COFOODS PROCESSORS,86.95652173913044,70.96774193548387,7,86.95652173913044,
281109,344176,VENKATESWARA COTTON YARN MILLS,VENKATESWARA SEA FOODS PALAKOL,66.66666666666666,63.33333333333333,16,66.66666666666666,
52981,57747,CHAIRMAN,CHAIRMAN S B MODEL H P S,100.0,50.0,16,100.0,
172056,251476,UNIVERSAL PRODUCTS,UNIVERSAL INFRA PROJECTS,76.19047619047619,76.19047619047619,8,100.0,
80985,264221,ANNAPURNA GREEN CONS,GREENHORIZON ENGINEERING CONS,61.224489795918366,53.06122448979591,18,54.054054054054056,
78773,337315,SURESH BABU SONS,MOHAN BABU TRADERS,64.70588235294117,47.05882352941176,12,57.142857142857146,
145003,321498,BHAVIK BHARAT SHAH SONS HUF,A N SHAH,66.66666666666666,40.0,20,66.66666666666666,
12597,227479,MAHAKAAL MINES MINERALS,DGS MINE MINERALS,70.0,70.0,9,70.0,
72052,123457,TEXWIN SPINNING,SULOCHANA COTTON SPINNING MILLS,69.56521739130434,47.82608695652174,21,69.56521739130434,
251845,323197,SAMRIDDHI PROCESSORS INDIA,TRIBENI PROCESSORS,71.42857142857143,63.63636363636363,12,73.6842105263158,
274596,282882,ALAS SEA FOODS,NEKKANTI SEA FOODS,78.26086956521739,68.75,7,54.54545454545455,
1676,224230,UNIVERSAL ASSOCIATES,UNIVERSAL LIFTING SOLUTIONS,62.06896551724138,59.57446808510638,14,69.23076923076923,
79,211030,LAHARI EXPORTS,LAHARI INFRA,66.66666666666666,61.53846153846154,6,100.0,
105371,261345,PROPRIETOR MOHAMMED NADHEER,PROPRIETOR MOHAMMED SADIQUE C,82.6086956521739,82.14285714285714,6,82.6086956521739,
247839,325936,RAGHAV INDUSTRIES,RAGHAV METALS TRADE,61.111111111111114,61.111111111111114,9,100.0,
117562,323545,SHREE ARIHANTDEV MINES MINERALS,NRSKS MINES MINERALS,82.35294117647058,62.745098039215684,15,82.35294117647058,
13402,54083,DEWCARE CONCEPT,CONCEPT SOLUTIONS METFAB,63.63636363636363,35.89743589743589,19,68.9655172413793,
38564,137101,UNIVERSAL BOTTLER,UNIVERSAL POWER SYSTEMS,69.23076923076923,65.0,11,70.58823529411765,
191577,269497,AMIT KUMAR ARUN KUMAR,VINAYAK STEELS PROP ARUN KUMAR,80.0,58.82352941176471,16,80.0,
54965,119986,CONCEPT MOTORCAR,ZOE CONCEPTS,64.28571428571428,50.0,12,64.28571428571428,
148662,259454,UNIVERSAL STEEL TRADERS,UNIVERSAL STEEL TOOLS,83.33333333333333,81.81818181818181,5,100.0,
173496,306964,ANUPAM TEX PROCESSORS,APOLLO PROCESSORS,74.07407407407408,68.42105263157895,8,74.07407407407408,
73024,87280,JUBILANT FOODWORKSLIMITED,JUBILANT FOODWORKAS,81.81818181818181,81.81818181818181,8,81.81818181818181,
36452,87897,JAI SRI VENKATESWARA TRADERS,SAI VENKATESWARA TRADERS,90.9090909090909,88.46153846153845,5,85.71428571428571,
120412,195507,UNIVERSAL RADIATORS,FUTURE UNIVERSAL PETROCHEM,64.28571428571428,53.333333333333336,16,64.28571428571428,
251633,332402,PARTNER BABU GOPAL,AMAL BABU,61.53846153846154,44.44444444444444,12,61.53846153846154,
3314,35839,RELICS WOOD INDUSTRIES,SRS WOOD INDUSTRIES SAWMILL,81.08108108108108,73.46938775510203,13,53.333333333333336,
141352,282553,SRINIVASA TRADING,SRINIVASA TRANSPORTS,75.67567567567568,75.67567567567568,7,100.0,
122706,227580,MAA KAMAKHYA TRANSPORT AGENCY,KAMAKHYA TRAVELS,66.66666666666666,57.77777777777777,16,100.0,
140121,154093,UNIVERSAL ENGG WORKS,UNIVERSAL THREAD MILLS,62.06896551724138,61.904761904761905,10,78.26086956521739,
52875,128665,SS PACKERS MOVERS MINITRANSPORT,MODERN INDUSTRIAL PACKERS,64.28571428571428,42.85714285714286,24,64.28571428571428,
206257,265051,UNIVERSAL KNITTING MILLS,UNIVERSAL ENTERPRISES,62.22222222222222,62.22222222222222,10,100.0,
154242,176613,ASHOK SONS,ASHOK A PATEL HUF,66.66666666666666,44.44444444444444,11,66.66666666666666,
13119,327462,NB VENKATESWARA GRAND INN,VENKATESWARA SPARE PARTS,66.66666666666666,61.224489795918366,12,66.66666666666666,
20970,136815,YDS ARCHITECTS,MATHEW GHOSH ARCHITECTS,83.33333333333333,64.86486486486487,11,83.33333333333333,
13713,95600,MOHAN MINES,PATWALA MINERALS MINES,62.5,48.484848484848484,14,62.5,
52964,140764,DEVI RESTAURANT BAR,KUMAR BAR RESTAURANT,84.84848484848484,56.41025641025641,13,84.84848484848484,
133130,316565,ASHOK COAL TRADERS,ASHOK ROADWAYS,62.5,62.5,8,66.66666666666666,
228205,253216,VENKATESWARA HOSPITAL,VENKATESWARA SEA FOODS,74.4186046511628,69.76744186046511,9,85.71428571428571,
17705,244897,SATYA SRINIVASA ENTERPRISES,SRINIVASA AUTO AGENCY,62.5,50.0,16,100.0,
159949,190688,BOMBAY ANDHRA TRANSPORT P S,BOMBAY HARDWARE STORES,61.224489795918366,61.224489795918366,13,61.53846153846154,
227399,244934,SRINIVASA TRAVELS,SRINIVASA FERROTECH,69.23076923076923,66.66666666666667,7,100.0,
51882,91287,ARCHITECTS COLLABORATIVE,YASHODHA ARCHITECTS,68.9655172413793,46.51162790697675,21,68.9655172413793,
124101,166688,KALPESH CHIMANLAL SHAH HUF,HIMATLAL TRIBHOVANDAS SHAH,61.53846153846154,46.15384615384615,19,61.53846153846154,
188814,323460,UNIVERSAL MEDICARE,UNIVERSAL STONE EXPORTS,66.66666666666666,58.53658536585367,11,66.66666666666666,
43856,235908,PANCHJANYA PLY BOARDS,PANCHJANYA PLY BOARDS,100.0,100.0,0,100.0,
333404,344200,TAJ TOBACCO TRADERS,VENKATA SAI TOBACCO,63.1578947368421,52.63157894736843,17,77.77777777777777,
302077,335199,RMG SUPER MINES,BAGHERI MINES,64.28571428571428,64.28571428571428,7,64.28571428571428,
56875,334142,PROPRIETOR ASISH JOHN MATHEW,MATHEW JACOB PROPRIETOR,85.0,39.21568627450981,24,85.0,
112982,158808,VENKATESWARA LIFT CARRIERS,JAYA SHREE VENKATESWARA INFRA,63.1578947368421,58.18181818181818,22,68.57142857142857,
4961,10014,MANAGING DIRECTOR CUM CHAIRMAN,CHAIRMAN S D D M,72.72727272727272,34.78260869565217,24,72.72727272727272,
140347,158815,GPR MINES MINERALS,TEJA MINES MINERALS,87.5,81.08108108108108,4,87.5,
12416,336463,PIONEER FACOR IT INFRADEVEL,PIONEER EXPORTS,63.63636363636363,52.38095238095239,16,63.63636363636363,
128556,173439,ELITE TRAVELS,ELITE CABS,69.56521739130434,69.56521739130434,5,100.0,
127470,320649,UNIVERSAL MININGS,UNIVERSAL CAB SERVICES,69.23076923076923,61.53846153846154,10,81.81818181818181,
190196,215415,YOGESH SHAH SECURITIES,SHAH SONS,61.53846153846154,45.16129032258065,15,61.53846153846154,
46398,274009,N M SHAH ENTERPRISE,SHAH ENTERPRISE,100.0,88.23529411764706,4,100.0,
60753,229370,ELITE PRINTING PACKAGING,SD ELITE,76.92307692307692,31.25,21,76.92307692307692,
56424,300117,ASHOK TRANSPORT,ASHOK TRADING,71.42857142857143,71.42857142857143,6,100.0,
18651,286680,SURYA K BABU PROPREITOR,PROP USMAN BABU,63.1578947368421,36.8421052631579,19,63.1578947368421,
90586,257125,SRINIVASA MINERALS MANGAMPET,LAKSHMI SRINIVASA TRADERS,60.37735849056604,49.056603773584904,23,69.23076923076923,
117205,312264,PIONEER WORLD,PONGALUR PIONEER TEXTILES,70.0,47.36842105263158,16,70.0,
263988,309253,THAR MINES MINERALS,KPR MINES MINERALS,87.5,86.48648648648648,3,87.5,
2248,205385,B SREENIVASULU REDDY,MOHIT REDDY,62.5,45.16129032258065,13,62.5,
320097,343253,ELITE BRIDGE BEARINGS,ELITE FLEET,62.5,50.0,13,62.5,
92234,158664,ASHOK INFRA,ARUN ASHOK MANAGING DIRECTOR,62.5,46.15384615384615,19,100.0,
109664,315336,PRAI RESIDENCY,LAXMI RESIDENCY PRAVATE,78.26086956521739,64.86486486486487,12,78.26086956521739,
18396,32768,BRINDA RESIDENCY,REALCON RESIDENCY,72.72727272727272,72.72727272727273,7,72.72727272727272,
91267,152916,SMART OFFICE SOLUTIONS,MKSK OFFICE SOLUTIONS,86.48648648648648,83.72093023255813,4,70.58823529411765,
282908,314632,SAI SRINIVASA TRAVELS,SRINIVASA SECURITY SERVICES,70.83333333333333,62.5,18,81.81818181818181,
49313,80934,QED KARES PACKERS,J S PACKERS,77.77777777777777,71.42857142857143,7,77.77777777777777,
137,257921,UNITED ENGINEERS ALLIANCE,KINGS ALLIANCE,72.72727272727272,66.66666666666667,12,72.72727272727272,
135625,202430,BEST TOURS TRAVELS,BEST TRADERS,66.66666666666666,66.66666666666667,8,100.0,
67426,81395,BOMBAY TRADING INDIA,INDIA BOOKS DISTRIBUTORS BOMBAY,75.0,31.372549019607842,25,100.0,
160144,198053,UNIVERSAL AUTOFOUNDRY,UNIVERSAL POULTRY FEEDS,68.18181818181819,63.63636363636363,11,68.18181818181819,
211351,310179,DUBEY PACKERS MOVERS,SHREE PACKERS MP,60.869565217391305,61.111111111111114,9,60.869565217391305,
115399,336438,VAID ELASTOMER PROCESSORS,ARUNAVE METAL SHEILD PROCESSORS,60.714285714285715,60.71428571428572,15,60.714285714285715,
82632,274806,VIJAYA IRON,VIJAYA RATHNAA FIREWORKS INDUSTRIES,70.58823529411765,47.82608695652174,24,70.58823529411765,
163219,300938,UNIVERSAL ENEGINEERING WORKS,UNIVERSAL NETWORK OF INFOTECH,63.1578947368421,56.14035087719298,17,60.46511627906977,
247378,343281,PIONEER PUBLICITY,PIONEER AIRCON,66.66666666666666,64.51612903225806,8,66.66666666666666,
54771,75841,V S SHAH,SHAH TRADERS,66.66666666666666,40.0,10,100.0,
117544,271219,BHILWARA MINES MINERALS,SHREE RANABAI MINES MINERALS,75.67567567567568,70.58823529411764,10,75.67567567567568,
145611,217315,INTERBRICKS RESIDENCY,SAS RESIDENCY HOTEL,65.0,55.00000000000001,16,65.0,
73029,231154,MOHAN REDDY JEWELLERS,KIRAN REDDY,62.5,50.0,13,72.72727272727272,
122818,338953,BABU,MANAGING DIRECTOR ALEX K BABU,100.0,24.242424242424242,25,100.0,
53971,164965,VENKATESWARA GAS SERVICE,VENKATESWARA AUTOMOTIVE,68.57142857142857,68.08510638297872,8,85.71428571428571,
91287,143795,YASHODHA ARCHITECTS,VAST ARCHITECTS,80.0,76.47058823529412,6,80.0,
234757,300841,VGP UNIVERSAL KINGDOM,UNIVERSAL TEXTILE MILLS,60.0,54.54545454545454,16,60.0,
20045,196585,MITTAPALLI SPINNING,CHERAN SPINNING MILLS,65.0,50.0,15,65.0,
185928,188366,SHREE SAWARIYA MINES,MALWA MINES MINERALS,60.0,50.0,16,60.0,
82293,140386,PIONEER HOSE HYDRAULICS,PIONEER CONSTRUCTIONS,63.63636363636363,63.63636363636363,12,100.0,
54674,155435,UNIVERSAL MARBLES,UNIVERSAL INTEGRATED CORPORATE SERVICE,69.23076923076923,50.90909090909091,24,69.23076923076923,
119506,288439,SRINIVASA MAHAL,SRINIVASA DAIRY,75.0,73.33333333333334,4,75.0,
289125,338028,PREMIER GREEN INNOVATIONS,PREMIER LUBRICANTS,60.46511627906977,60.46511627906976,14,60.46511627906977,
6692,310773,ASHOK KUMAR,ASHOK CHUNILAL CHUGH SHROFF HUF,62.5,42.85714285714286,22,62.5,
102385,184428,PREMIER RUBBERS,PREMIER CARBONIC,64.51612903225806,64.51612903225806,7,64.51612903225806,
198814,219624,UNIVERSAL ROADLINES,UNIVERSAL INFRA,75.0,70.58823529411764,8,100.0,
153299,207372,I B SALES PACKERS,DATA PACKERS MOVERS,61.111111111111114,50.0,12,61.111111111111114,
109694,228953,RAGHAV MOTORS,RAGHAV PRODUCTIVITY SOLUTIONS,63.1578947368421,52.38095238095239,18,63.1578947368421,
11090,96869,SHAH DEVCHAND,R M SHAH,66.66666666666666,38.095238095238095,10,66.66666666666666,
14380,200040,JUPITER OFFICE SOLUTION,TOTAL OFFICE SOLUTIONS,66.66666666666666,75.55555555555556,7,66.66666666666666,
247480,331198,RVN PAPER BOARDS,SURYANSH PULP BOARD,62.857142857142854,62.857142857142854,11,62.857142857142854,
56325,87032,PROCESS ARCHITECTS,XEBIA IT ARCHITECTS INDIA,71.42857142857143,55.81395348837209,14,71.42857142857143,
209773,307319,SUPERMARKET GROCERY SUPPLIES LT,HUTTY SUPPLIES,72.72727272727272,53.333333333333336,19,72.72727272727272,
95777,217048,ASTON PROCESSORS,BLUE STAR PROCESSORS,76.92307692307692,72.22222222222221,7,76.92307692307692,
230261,264661,VENKATESWARA GAS AGENCIES,VENKATESWARA LOVAPRASAD EXPORTS,64.86486486486487,64.28571428571428,14,85.71428571428571,
153659,302168,MANSA PACKERS,RITIKA RELOCATION PACKERS MOVERS,70.0,44.44444444444444,22,70.0,
6476,177017,GEETA AUTO SALES,GEETA ENTERPRISES,60.60606060606061,60.60606060606061,8,100.0,
232476,279791,RENAATUS READYMIX,H Y C READYMIX CONCRETE,64.0,44.99999999999999,17,64.0,
21433,291968,SRINIVASA INFRA PROJECTS,SRINIVASA INFRA,100.0,76.92307692307692,9,100.0,
105474,167388,SHREE RAGHAV INDUSTRIES,RAGHAV VANIJYA,60.0,48.64864864864865,16,66.66666666666666,
5019,282484,MAA SHARDA MINES MINERALS,GSTAR MINES MINERAKS OPC,65.3061224489796,69.38775510204081,12,69.76744186046511,
13118,128116,SREE LAKSHMI NEELIMA SEA FOODS,B S SEA FOODS,81.81818181818181,55.81395348837209,18,60.0,
128912,153299,ALLIANCE PACKERS MOVERS,I B SALES PACKERS,60.0,55.00000000000001,15,60.0,
82025,198814,UNIVERSAL ENERGY SOLUTIONS,UNIVERSAL ROADLINES,71.11111111111111,71.11111111111111,12,72.0,
278910,340718,P A ENVO CIVIL SOLUTIONS,ANDVI CIVIL CONSTRUCTION WORKS,62.96296296296296,62.96296296296296,17,76.19047619047619,
272687,304455,ASHOK ANIL ENTERPRISES,ASHOK INVESTMENTS,61.53846153846154,61.53846153846154,12,100.0,
48889,149652,KAVYATRI PAPER BOARD,M A PAPER CARD BOARD FACTORY,70.96774193548387,54.16666666666667,19,70.96774193548387,
51796,151938,BEST MONEY TRAVEL SERVICES L,REAL BEST EVENT SERVICES,73.07692307692308,65.38461538461539,14,58.8235294117647,
43618,244464,PIONEER TRADING,PIONEER HEALTHCARE PRODUCTS,63.63636363636363,52.38095238095239,16,100.0,
74838,282435,PIONEER GLASS INDUSTRIES,PIONEER ENGINEERING,60.46511627906977,60.46511627906976,12,100.0,
277718,298495,SRINIVASA MARBLES,SRINIVASA KONDURG MINERALS,69.23076923076923,65.11627906976744,13,69.23076923076923,
69480,153268,HIMALAYAN BUILDERS PROMOTERS,HIMALAYAN STEEL INDUSTRIES,62.96296296296296,59.25925925925925,15,100.0,
26712,229651,SHIVAM MINES MINERALS,SPT MINES,71.42857142857143,46.666666666666664,14,71.42857142857143,
113183,313630,ROHIT DINKAR ARCHITECTS,UDVIZ ARCHITECTS,76.92307692307692,66.66666666666667,11,76.92307692307692,
147884,325505,HAPTIK ARCHITECTS,KUND ARCHITECTS,80.0,75.0,6,80.0,
133999,326234,PIONEER HI BRED,PIONEER ERA MERCHANTS,63.63636363636363,55.55555555555556,11,63.63636363636363,
315984,336148,MYLES HIGH HEALTH CONCEPTS,SOLAR CONCEPTS,72.72727272727272,55.00000000000001,15,72.72727272727272,
79314,218205,IMPERIAL SHAH STORE,S C SHAH,66.66666666666666,37.03703703703704,14,66.66666666666666,
126628,251845,S P TEXTILE PROCESSORS,SAMRIDDHI PROCESSORS INDIA,62.5,54.16666666666667,15,66.66666666666666,
53115,281938,MURALI KRISHNA MINES MINERALS,JL DAGA MINES MINERALS,77.77777777777777,70.58823529411764,11,77.77777777777777,
158624,160732,VENKATESWARA HARDWARES,VENKATESWARA SAI ENTERPRISES,70.58823529411765,72.0,11,85.71428571428571,
99362,236283,M K SHAH EXPORTS,SHAH SONS,61.53846153846154,56.00000000000001,9,61.53846153846154,
61474,279775,NEXA PROCESSORS,SAI STEEL PROCESSORS,80.0,68.57142857142857,8,83.33333333333333,
13834,225314,PREMIER SALES SERVICE,PREMIER PLASMOTEC,63.1578947368421,63.1578947368421,10,70.0,
91628,197236,ALLIANCE WORLD WIDE HEALTH TECH,SARATHEE ALLIANCE,64.0,33.333333333333336,24,64.0,
166059,229551,ANGEL ADS,ALLROUNDER ADS,60.869565217391305,60.86956521739131,7,60.869565217391305,
14380,91267,JUPITER OFFICE SOLUTION,SMART OFFICE SOLUTIONS,75.55555555555556,75.55555555555556,7,66.66666666666666,
58093,115572,RSA ARCHITECTS,PDP ARCHITECTS,83.33333333333333,78.57142857142857,3,83.33333333333333,
271436,314431,PIONEER EMBROIDERIES,PIONEER PROJECTS,66.66666666666666,66.66666666666667,8,100.0,
93768,154136,SUPERMARKET GROCERY SUPPLIES,AMMONIA SUPPLIES,66.66666666666666,50.0,17,66.66666666666666,
69310,324148,CONCEPT FACTORY,MODERN CONCEPTS,66.66666666666666,46.666666666666664,12,66.66666666666666,
81241,300949,UNIVERSAL MEDICAL,WELSPRING UNIVERSAL,69.23076923076923,50.0,15,69.23076923076923,
7016,129418,MANAGING PARTNER ABIN ANTU MATHEW,DESIGNATED PARTNER JOSHY MATHEW,62.5,56.25,18,62.5,
196733,310266,SHREE MINES MINERALS,SHUBHAM MINES MINERALS,82.35294117647058,80.95238095238095,5,82.35294117647058,
125616,290010,VIJAYA SHIRISHA INPORT EXPORTS,VIJAYA MOTELS,63.1578947368421,51.162790697674424,19,63.1578947368421,
288439,309902,SRINIVASA DAIRY,LAKSHMI SRINIVASA SAGO FACTORY,75.0,57.77777777777777,17,75.0,
160843,219792,KRISHNA SAW MILLS WOOD WORKS,ASV WOOD WORKS,83.33333333333333,61.904761904761905,15,66.66666666666666,
36452,161622,JAI SRI VENKATESWARA TRADERS,VENKATESWARA COTTON TRADERS,85.1063829787234,72.72727272727273,15,77.41935483870968,
27455,173439,ELITE GOODS ENTERPRISE,ELITE CABS,66.66666666666666,43.75,15,66.66666666666666,
21563,86914,UNIVERSAL CHEMSOL,UNIVERSAL BHARAT GAS,69.23076923076923,64.86486486486487,9,81.81818181818181,
128973,255043,HOTEL RAMSEWKA RESIDENCY,H K RESIDENCY,81.81818181818181,70.27027027027026,11,81.81818181818181,
49313,308732,QED KARES PACKERS,MEGHDOOT CORRUGATORS PACKERS,62.22222222222222,62.22222222222222,15,62.22222222222222,
96732,197759,VANDANA MINES MINERALS,RAMAKRISHNA MAGNESITE MINES,61.224489795918366,61.224489795918366,16,61.224489795918366,
216604,220552,UNIVERSAL HEALTH SERVICES,UNIVERSAL ELECTRIC,74.4186046511628,74.4186046511628,10,100.0,
300258,304771,M SRINIVASA REDDY,SRINIVASA PRODUCTS,69.23076923076923,68.57142857142857,8,69.23076923076923,
20486,164965,VENKATESWARA PLASTICS,VENKATESWARA AUTOMOTIVE,72.72727272727272,72.72727272727273,8,72.72727272727272,
222941,228422,SRINIVASA SOLUTIONS,SRINIVASA MOTORS,80.0,80.0,5,100.0,
21471,241440,SUPRIYA PACKERS,SRS PACKERS MOVERS,63.63636363636363,60.60606060606061,12,63.63636363636363,
20495,333240,SHREE VENKATESWARA STONE CRUSHER,VENKATESWARA PLASTERS,72.72727272727272,67.9245283018868,17,72.72727272727272,
227390,256980,GEETA SREE LOGISTICS,GEETA TOOLS,62.5,51.61290322580645,12,66.66666666666666,
54419,332318,SEA VIEW RESORT,SEA VIEW DEVELOPERS,70.58823529411765,70.58823529411764,7,70.58823529411765,
269715,309214,VENKATESWARA PAPER,SREE VENKATESWARA DIESEL SYSTEMS,80.0,56.00000000000001,18,80.0,
84163,306382,UNIVERSAL SILK MILLS,UNIVERSAL PEACE CENTRE,62.06896551724138,52.38095238095239,11,62.06896551724138,
247988,250455,VENKATESWARA SANITARY,VENKATESWARA HOTELS INDIA,73.91304347826087,73.91304347826086,11,77.41935483870968,
20808,37645,SREE SAI VENKATESWARA CONSTRUCTIONS,VENKATESWARA,100.0,51.06382978723405,23,100.0,
124300,309452,SHREE SHYAM READYMIX,RAR READYMIX FLYASH BRICKS,60.869565217391305,47.82608695652174,21,60.869565217391305,
24771,254010,ANJALI LABTECH,ANJALI AUTO CENTRE,62.5,62.5,9,66.66666666666666,
103243,138349,SHINE ENCLAVE,SUN SHINE DENTAL,62.06896551724138,62.06896551724138,9,62.06896551724138,
339613,343716,VAPURI CONSTRUCTIONS ARCHITECTS,NEEV ARCHITECTS INT URBAN D C,60.0,40.0,25,74.07407407407408,
74830,313438,GLOBE CIVIL PROJECTS,GOOD CIVIL WORKS,61.111111111111114,61.111111111111114,9,76.19047619047619,
87968,168132,SRINIVASA MINERAL INDUSTRIES,SRINIVASA SALES SERVICES,61.53846153846154,69.23076923076923,13,75.0,
152453,210015,CHAIRMAN PROCESSORS,GROWEL PROCESSORS,74.07407407407408,66.66666666666667,8,74.07407407407408,
21563,147330,UNIVERSAL CHEMSOL,UNIVERSAL CREATIONS,72.22222222222223,72.22222222222221,6,72.22222222222223,
34978,168957,WELL WORTH PACKERS,SAMRAT PACKERS MOVERS,61.53846153846154,51.28205128205128,16,61.53846153846154,
162239,328219,GANAPATI STEEL FURNITURE,GANAPATI TOURS TRAVELS,69.56521739130434,65.21739130434783,13,100.0,
22066,176173,SRINIVASA BLUE METAL,SRISRINIDHI SRINIVASA CONSTRUCTIONS,62.06896551724138,43.63636363636364,24,62.06896551724138,
94583,269243,THOMAS ELIAS P MANAGING PARTNER,SALES THOMAS,66.66666666666666,27.906976744186053,26,66.66666666666666,
36461,227473,VENKATESWARA TRANSPORTS,SREE PADMAVATHI VENKATESWARA,68.57142857142857,47.05882352941176,22,100.0,
107049,345883,PIONEER AUTO SERVICE,PIONEER MACHINES AUTOMATION,63.829787234042556,55.319148936170215,16,100.0,
169263,254995,NIDHI PACKERS,SHANTI PACKERS MOVERS,70.0,58.82352941176471,12,70.0,
149733,217551,SPEED BIRD TRAVELS,CUT SPEED TOOLS,60.60606060606061,54.54545454545454,13,66.66666666666666,
198065,294228,MULKH RAJ ASHOK KUMAR,ASHOK KUMAR ARORA OIL,68.75,52.38095238095239,18,68.75,
90080,166986,REGIONAL TRANSPORT OFFICE MYS WEST,REGINAL TRANSPORT OFFICE DAUSA,81.25,81.25,8,72.72727272727272,
116659,226203,DEIVANAI WOOD WORKS,VENKATESHWARA WOOD WORKS,68.9655172413793,65.11627906976744,10,51.61290322580645,
70444,336065,SRINIVASA MINERALS,SRINIVASA ENG FABRICATIONS,66.66666666666666,63.63636363636363,13,66.66666666666666,
183442,301725,UNIVERSAL BUS SERVICES,SHIVA UNIVERSAL MFG SERVICE,77.55102040816327,73.46938775510203,10,81.81818181818181,
140736,265051,UNIVERSAL ENTERPRISE,UNIVERSAL ENTERPRISES,97.5609756097561,97.5609756097561,1,100.0,
1082,143517,SRINIVASA EDIFICE,SRINIVASA CONSTRUCTIONS,69.23076923076923,55.00000000000001,12,100.0,
95646,252619,UNIVERSAL CONTRACTORS ENG,CHANDRAKALA UNIVERSAL,60.869565217391305,39.13043478260869,20,60.869565217391305,
107522,143946,VIJAYA DURGA ENTERPRISES,VIJAYA CREATIONS,60.0,60.0,12,66.66666666666666,
77075,198063,PROPRIETOR ARUN,ARUN ENTERPRISES,64.51612903225806,32.25806451612904,13,100.0,
129707,277718,SRINIVASA SPECIALITY HOSPITAL,SRINIVASA MARBLES,69.23076923076923,56.52173913043479,17,69.23076923076923,
202555,246677,UNIVERSAL INDU EQU TEC SERVICE,UNIVERSAL TRADING,69.23076923076923,55.319148936170215,18,100.0,
176107,229290,MG PARTNER MATHEW JOY DOMINIC,RONEY MATHEW MANAGING DIRECTOR,61.016949152542374,54.23728813559322,22,61.016949152542374,
102092,335332,PIONEER ELECTRICALS ELECTRONICS,PIONEER SALES,70.0,54.54545454545454,19,70.0,
129985,195030,BEST SECURITY SERVICES,BEST ENTERPRISES,63.1578947368421,63.1578947368421,11,100.0,
254005,287420,AKS UNIVERSAL MAGNETICS,UNIVERSAL PLASTICSS INDUSTRIES,64.15094339622641,56.60377358490566,19,76.19047619047619,
143517,298495,SRINIVASA CONSTRUCTIONS,SRINIVASA KONDURG MINERALS,65.3061224489796,65.3061224489796,11,100.0,
21663,304771,SRINIVASA INFRA PROJECTS,SRINIVASA PRODUCTS,76.19047619047619,76.19047619047619,8,100.0,
98596,114805,GANAPATI MARKETING,GANAPATI CABLES,69.56521739130434,66.66666666666667,7,69.56521739130434,
70396,209999,VIJAYA SAI CONSTRUCTIONS,VIJAYA DURGA CONSTRUCTIONS,90.9090909090909,88.0,5,75.0,
326545,347595,GLOBAL INDUSTRIAL SUPPLIES,A V SUPPLIES,80.0,57.89473684210527,15,80.0,
282965,300177,SSB ENGINEERS,SSB SERVICES,64.0,64.0,6,100.0,
50590,155993,UNIVERSAL AGRO,UNIVERSAL FLYING SERVICES,78.26086956521739,61.53846153846154,13,78.26086956521739,
44690,296731,UNIVERSAL LOGISTICS EXPRESS,UNIVERSAL INFRA,75.0,57.14285714285714,15,100.0,
79314,271919,IMPERIAL SHAH STORE,SHAH COMMERCIAL,64.70588235294117,41.17647058823529,17,64.70588235294117,
41,100712,VENKATA KAVYA ENTERPRISES,VENKATA LAKSHMI ENTERPRISES,86.36363636363636,80.76923076923077,6,70.0,
159834,286490,NARMADA SPINNING,KAKKAR SPINNING MILLS,66.66666666666666,59.45945945945945,11,66.66666666666666,
77120,269187,MARTIN JOSEPH PROPRIETOR,JOSE JOSEPH PROPRIETOR,87.17948717948718,78.26086956521739,6,87.17948717948718,
191367,191978,UNIVERSAL FIRE PROTECTION SERVICES,UNIVERSAL REALTORS,66.66666666666666,61.53846153846154,18,66.66666666666666,
276347,336463,PIONEER DRILLING,PIONEER EXPORTS,63.63636363636363,58.06451612903225,8,63.63636363636363,
53780,129363,THOMAS,DIRECTOR BOBBY THOMAS,100.0,44.44444444444444,15,100.0,
166288,199552,PREMIER TRANSPORT LT,PREMIER LOOMS MANU,63.1578947368421,52.63157894736843,11,82.35294117647058,
41362,328221,SHAH TOURS TRAVELS,SHAH GEMS,61.53846153846154,51.85185185185186,11,100.0,
245205,251652,PROPREITOR C K MOHAMMED MUSTHAFA,PROPRIETOR SAJU N S MOHAMMED,63.333333333333336,66.66666666666667,18,65.38461538461539,
3213,83366,ECOGENE CONCEPTS,MOSAIC INFRA CONCEPTS,66.66666666666666,59.45945945945945,11,69.56521739130434,
218266,298242,VENKATESWARA FRAME WORKS,VENKATESWARA POWER SYSTEMS,66.66666666666666,64.0,11,80.0,
134009,158164,INTERACTIVE COMM SERVICE INDIA,AT T COMM SERVICE,82.75862068965517,63.829787234042556,15,61.53846153846154,
118059,169800,VENKATESWARA COIR PRODUCTS,SRILAKSHMI VENKATESWARA ENTERPRISES,63.1578947368421,55.73770491803278,21,68.57142857142857,
37465,298531,G M TEA PACKERS,NATIONAL PACKERS MOVERS,63.63636363636363,52.63157894736843,14,63.63636363636363,
42674,100959,TERAACT CITY,CITY COMPUTER,64.0,40.0,11,64.0,
83642,332214,PATWALA MINERAL MINES L,KRISHNA MINES MINERALS,62.22222222222222,53.333333333333336,12,62.22222222222222,
75649,194679,CONCEPT CLOTHING TEXTILES,FILTER CONCEPT,66.66666666666666,35.89743589743589,18,66.66666666666666,
298143,333080,PROPRIETOR GEORGEY MATHEW,MANAGING PARTNER GEORGE MATHEW,65.45454545454545,65.45454545454545,14,65.45454545454545,
199778,297145,ALLIANCE INTERNATIONAL,BIO ALLIANCE HEALTHCARE,62.22222222222222,57.77777777777777,15,62.22222222222222,
57347,278796,UNIVERSAL ROADWAYS,UNIVERSAL UNEISTRONG,66.66666666666666,63.1578947368421,10,66.66666666666666,
8648,56325,MN ARCHITECTS,PROCESS ARCHITECTS,86.95652173913044,70.96774193548387,7,86.95652173913044,
131272,339459,INTIREO CONCEPTS,CORPORATE CONCEPTS INFRA,66.66666666666666,55.00000000000001,14,66.66666666666666,
66474,85771,AFRO ALLIANCE,ALLIANCE INDUSTRIAL MARKETING,76.19047619047619,38.095238095238095,23,76.19047619047619,
74674,208271,BAJRANG WIND PARK PRIVET,PARK EXIM,61.53846153846154,36.36363636363637,18,61.53846153846154,
306048,333120,BABU RAM,OUSEPH BABU PROPRIETOR,66.66666666666666,40.0,16,66.66666666666666,
154908,220536,JUNEJA SONS STEEL PROCESSORS,BAJAJ PROCESSORS,76.92307692307692,59.09090909090908,15,76.92307692307692,
70441,90593,VENKATESWARA LOGISTICS,LAKSHMI VENKATESWARA TRANSPORTS,70.58823529411765,60.37735849056604,16,100.0,
107149,126236,UNIVERSAL RECEPTACLE,UNIVERSAL TRAVEL,72.22222222222223,72.22222222222221,8,72.22222222222223,
164028,332402,BABU KHARVI PROPRIETOR,AMAL BABU,61.53846153846154,25.806451612903224,19,61.53846153846154,
7931,306964,BRIGHT INDIA PROCESSORS,APOLLO PROCESSORS,74.07407407407408,60.0,12,74.07407407407408,
254875,282435,PIONEER INSP ENG SERVICES,PIONEER ENGINEERING,72.72727272727272,63.63636363636363,12,100.0,
161635,190482,UNIVERSAL STEELS MINES,UNIVERSAL FIRESAFETY EQUIPMENTS,60.37735849056604,60.37735849056604,15,75.0,
135427,215661,MEHAR TRAVELS,MEHAR TOURS TRAVELS,100.0,81.25,6,100.0,
200596,236782,UNIVERSAL TRADING,UNIVERSAL AGRO CHEMICAL INDUSTRIES,69.23076923076923,54.90196078431373,20,100.0,
13402,177003,DEWCARE CONCEPT,FLIP CONCEPT INDIA,63.63636363636363,48.484848484848484,13,73.6842105263158,
239695,282561,KALAJI MINES MINERALS,DURGA MINES,62.5,43.75,15,62.5,
54282,260780,GUJARATTEA PROCESSORS PACKERS,AGARSAIN PACKERS MOVERS,65.38461538461539,53.84615384615385,18,65.38461538461539,
181811,276387,HOTEL DREAMZ RESIDENCY,HRV RESIDENCY,81.81818181818181,68.57142857142857,10,81.81818181818181,
38038,316837,VIJAYA VASAVI TRADERS,VIJAYA TOURS TRAVELS,63.41463414634146,68.29268292682926,8,100.0,
223752,336463,PIONEER RUBCHEM,PIONEER EXPORTS,63.63636363636363,60.0,7,63.63636363636363,
13616,173491,RUDRAKSH ALLIANCE DEVELOPER,TNA ALLIANCE,80.0,51.28205128205128,17,80.0,
42745,124756,GEETHA WOOD INDUSTRIES,VASAVI WOOD INDUSTRIES,81.08108108108108,77.27272727272727,6,54.54545454545455,
16444,348055,LEVEL OFFICE SYSTEMS,ADVANCE OFFICE NEEDS,60.0,60.0,11,60.0,
218205,223807,S C SHAH,MANAV SHAH HUF,66.66666666666666,45.45454545454546,9,66.66666666666666,
74350,269174,JOSEPH SHAJI PROPRIETOR,EBY JOSEPH PROPRIETOR,89.47368421052632,77.27272727272727,10,89.47368421052632,
217722,221781,CONCEPT FACTORY,CONCEPT WEAVERS,66.66666666666666,66.66666666666667,6,66.66666666666666,
6104,341340,SOMA UNIVERSAL LOGISTICS,UNIVERSAL FIRE SAFETY ENGINEERS,61.81818181818182,54.54545454545454,22,78.26086956521739,
230586,291652,PARK,PRISTINE MEGA LOGISTICS PARK,100.0,25.0,24,100.0,
46775,221391,HEAD OF PROJECT BIOM KIRANDUL COM,HEAD OF PROJECT NMDC,85.71428571428571,71.69811320754718,14,73.6842105263158,
224230,238676,UNIVERSAL LIFTING SOLUTIONS,K R UNIVERSAL,81.81818181818181,44.99999999999999,22,81.81818181818181,
88865,231254,JOSEPH S ALUKKAL PROPRIETOR,PROPRIETOR JOSEPH DSILVA,82.92682926829268,39.21568627450981,24,82.92682926829268,
90466,143344,SHYAM MINES MINERALS,VISWATEJA MINES MINERALS,82.35294117647058,77.27272727272727,8,82.35294117647058,
99478,119870,ASHOK INFRAPROPERTIES,ASHOK KUMAR JAIN PROP S R OSWAL,61.53846153846154,53.84615384615385,18,61.53846153846154,
186808,291425,SHIVRAMKA PROCESSORS,URVASHI SYNTHETIC PROCESSORS,66.66666666666666,58.33333333333333,14,66.66666666666666,
243532,257606,PIONEER GENCO,PIONEER MOTOWORLD,70.0,60.0,8,70.0,
224866,300549,ANTEAK CONCEPTS DESIGNS,INNOVATIVE MARKETING CONCEPTS,65.38461538461539,53.84615384615385,23,65.38461538461539,
141486,293842,SRINIVASA SUPPLY CHAIN SOLUTIONS,SRINIVASA ROADLINES,64.28571428571428,58.82352941176471,18,68.29268292682927,
8495,347233,RUKMONI BOARDS,SUGAPRIYA PAPER BOARDS,60.0,50.0,13,60.0,
104836,161837,UNIVERSAL FINANCIAL SERVICES,UNIVERSAL GLOBAL IMPEX,60.0,60.0,14,64.28571428571428,
187534,337062,PIONEER OVERSEAS,PIONEER WINCON ENERGYSYSTEMS LT,60.869565217391305,59.57446808510638,17,60.869565217391305,
120709,229676,ADS,ADS EXPRESS LOGISTICS,100.0,25.0,18,100.0,
18658,131747,MANAGING PARTNER BIJU P JOSEPH,JOSEPH TRAVELS,60.0,27.27272727272727,26,100.0,
275377,323710,PRASANNA TRADING,SHREE KESHARNATH PRASANNA TRAVELS,66.66666666666666,48.97959183673469,21,100.0,
68826,92649,BOMBAY CRANE SERVICE,BOMBAY TEXTILE,60.0,58.82352941176471,10,66.66666666666666,
107913,326156,PLATINUM TOBACCO,D C TOBACCO,77.77777777777777,59.25925925925925,8,77.77777777777777,
67579,165815,SUNEET JAAIN PROP ASHOK KUMAR SONS,AMRATLAL ASHOK KUMAR,70.96774193548387,51.85185185185186,20,70.96774193548387,
122912,151178,CONCEPTS HYGIENE,MONEY CONCEPTS,73.33333333333333,53.333333333333336,12,73.33333333333333,
36461,298370,VENKATESWARA TRANSPORTS,LAKSMI VENKATESWARA,77.41935483870968,57.14285714285714,18,100.0,
182642,263606,S R MINES,OMSAKTHI MINES MINERALS,71.42857142857143,50.0,15,71.42857142857143,
126935,251711,MOHAMMED AHMED TOURS TRAVELS,PROPREITOR MOHAMMED SHAKEEL,61.81818181818182,47.27272727272728,23,72.72727272727272,
9416,117568,KAUSHAL J SHAH HUF,K B SHAH,66.66666666666666,53.84615384615385,11,66.66666666666666,
231907,288917,UNIVERSAL ALUMINIUM,SAVITT UNIVERSAL,72.0,51.42857142857142,17,72.0,
174133,226999,UNIVERSAL CRANES HOIST,UNIVERSAL WIRE PRODUCTS,62.22222222222222,66.66666666666667,11,63.41463414634146,
43017,336463,INDIA PIONEER ENGINEERING,PIONEER EXPORTS,63.63636363636363,50.0,15,100.0,
296787,346298,PIONEER CONVERSIONS,PIONEER STEELS,66.66666666666666,60.60606060606061,9,100.0,
45406,247839,RAGHAV ASSOCIATES,RAGHAV INDUSTRIES,64.70588235294117,64.70588235294117,8,100.0,
52875,274112,SS PACKERS MOVERS MINITRANSPORT,VEE AAR PACKERS,63.63636363636363,34.78260869565217,25,63.63636363636363,
169800,318946,SRILAKSHMI VENKATESWARA ENTERPRISES,VENKATESWARA CANS,82.75862068965517,57.692307692307686,21,82.75862068965517,
294162,342017,KAJAL PACKERS,OMDEO PACKERS MOVERS,70.0,48.484848484848484,12,70.0,
257063,278734,VIJAY GUPTA ARCHITECTS,NP3 ARCHITECTS CONSULTANTS,62.5,50.0,20,62.5,
141258,245849,MANAGING PARTNER JOJO JOSEPH,TOMY JOSEPH MANAGING PARTNER,90.19607843137254,57.14285714285714,24,90.19607843137254,
104265,304681,GRINDKING UNIVERSAL,UNIVERSAL ENGINEERS CHENNAI,64.28571428571428,39.13043478260869,19,64.28571428571428,
48878,226720,UNIVERSAL TELECOM,UNIVERSAL MERCHANDISING SERVICES,69.23076923076923,53.06122448979591,19,69.23076923076923,
175015,229983,RAGHAV AUTOSALES,RAGHAV LOGISTICS,62.5,62.5,7,100.0,
55161,282553,SAI SRINIVASA ENTERPRISES,SRINIVASA TRANSPORTS,66.66666666666666,66.66666666666667,13,100.0,
89294,151178,CONCEPT MOTORPARTS,MONEY CONCEPTS,62.5,50.0,10,62.5,
140231,306544,VED ENGINEERS PACKERS,TEWARI TEA PACKERS BLENDERS I,60.0,43.99999999999999,19,60.0,
6692,245605,ASHOK KUMAR,ASHOK KUMAR RAJENDRA PRASAD,100.0,57.89473684210527,16,100.0,
298231,303930,JOSEPH MOTORS,DIRECTOR SHIJO JOSEPH,64.70588235294117,35.29411764705882,17,64.70588235294117,
205052,267777,UNIVERSAL THREADS,UNIVERSAL SERVICES,74.28571428571428,74.28571428571429,6,100.0,
22275,125710,UNIVERSAL MINING SOLUTIONS,UNIVERSAL AIR TRAVELS TOURS,60.37735849056604,60.37735849056604,13,81.81818181818181,
2665,317633,SRINIVASA MEDICAL ENTERPRISES,LAKSHMI SRINIVASA AGENCIES,65.45454545454545,58.18181818181818,21,70.58823529411765,
189343,267820,AMBERTEX UNIVERSAL EXPORT,NEW UNIVERSAL ASSOCIATES,61.224489795918366,57.14285714285714,15,61.224489795918366,
212980,282552,LAKSHMI VENKATA SRINIVASA TRADERS,SRINIVASA STEELS,72.0,53.06122448979591,21,100.0,
31901,134918,G B REDDY,Y R REDDY CONSTRUCTIONS,71.42857142857143,43.75,16,77.77777777777777,
224866,276465,ANTEAK CONCEPTS DESIGNS,CONCEPT DESIGN CONSTRUCTIONS,62.745098039215684,58.82352941176471,20,76.47058823529412,
123888,239307,PREMIER AUTOMOBILES,PREMIER TRADER,66.66666666666666,60.60606060606061,9,100.0,
70444,92481,SRINIVASA MINERALS,SRINIVASA CARGO CARRIER,66.66666666666666,63.41463414634146,12,66.66666666666666,
133205,187697,WOOD STONE,WOOD DUFT,63.1578947368421,63.1578947368421,5,63.1578947368421,
186474,221651,AAA UNIVERSAL EXIM,UNIVERSAL EXPRESS,69.23076923076923,68.57142857142857,9,69.23076923076923,
53040,342805,UNIVERSAL BOOK STALL,UNIVERSAL WOOD WORKS,70.0,70.0,7,78.26086956521739,
76725,172849,PIONEER TRADERS,PIONEER INFO SOLUTIONS INDIA,63.63636363636363,46.51162790697675,19,100.0,
71353,77054,MANAGING PARTNER SANJU JOSEPH,MANAGING PARTNER JOSHY JOSEPH,88.46153846153847,86.20689655172413,5,88.46153846153847,
121366,250279,UNIVERSAL CERAMIC,REGATTA UNIVERSAL EXPORTS,69.23076923076923,57.14285714285714,15,69.23076923076923,
341803,345756,RADHAKRISHNA MINES MINERALS,S A P MINES,62.5,47.36842105263158,18,62.5,
39346,269243,THOMAS SCARIA PROPRIETOR,SALES THOMAS,66.66666666666666,33.333333333333336,20,66.66666666666666,
53721,274590,VIJAYA PLYWOOD,MURALI VIJAYA AGENCIES,60.0,38.888888888888886,15,63.1578947368421,
36461,282140,VENKATESWARA TRANSPORTS,VENKATESWARA FURNITURE WORKS,70.58823529411765,70.58823529411764,11,100.0,
223289,281947,SS PACKERS,AKAR PACKERS,82.35294117647058,72.72727272727273,4,82.35294117647058,
123680,235878,NATURES TWEET PROCESSORS,UNIROSE TEXTILE PROCESSORS,64.0,72.0,11,69.56521739130434,
85673,160940,FUTURE EPOCH GLOBAL MGMT CONS,G CONS,80.0,34.285714285714285,23,80.0,
48960,131312,WELLDONE CONCEPT,DOMA CONCEPTS,68.9655172413793,68.96551724137932,7,68.9655172413793,
161255,244740,CARBORUNDUM UNIVERSAL,UNIVERSAL UNILOGISTICS,60.0,41.860465116279066,18,60.0,
90593,253216,LAKSHMI VENKATESWARA TRANSPORTS,VENKATESWARA SEA FOODS,70.58823529411765,60.37735849056604,15,85.71428571428571,
176,234757,SUPER DELUXE UNIVERSAL,VGP UNIVERSAL KINGDOM,60.46511627906977,51.162790697674424,19,60.46511627906977,
158164,220114,AT T COMM SERVICE,TATA COMM COLLAB SERVICES,76.19047619047619,71.42857142857143,11,64.0,
5738,101867,UNIVERSAL FABRICATORS,HR UNIVERSAL SYSTEMS,63.41463414634146,58.53658536585367,12,63.41463414634146,
37085,152508,CK MINES MINERALS,BHOM DARBAR MINES MINERALS,90.3225806451613,69.76744186046511,11,90.3225806451613,
140360,241618,VENKATESWARA AUTO FINANCE,VENKATESWARA OXYGEN,77.41935483870968,68.18181818181819,10,100.0,
281670,299144,MANAGING PARTNER ANTONY MATHEW,MANAGER BOVUS MATHEW,64.0,64.0,15,64.0,
304451,323213,ANUTHAM ARCHITECTS CONSTRUCTION,PINNACLE ARCHITECTS,68.9655172413793,52.0,20,71.42857142857143,
261125,306350,CHAITHRA BAR RESTAURANT,EMPIRE RESTAURANT BAR,80.0,59.09090909090908,14,80.0,
209997,293849,K S REDDY,G JAYARAMA REDDY HUF,71.42857142857143,48.275862068965516,13,71.42857142857143,
215415,343591,SHAH SONS,SHAH JI TRADING,61.53846153846154,50.0,9,72.72727272727272,
140080,209946,CITY VACATIONS,CITY CONSTRUCTIE,60.0,60.0,10,60.0,
25226,169948,GLR MINES MINERALS,MURLIDHAR MINES MINERALS,87.5,80.95238095238095,7,87.5,
126198,264619,SHREE LAKSHMI VENKATESWARA,PENUGONDA VENKATESWARA RAO,63.1578947368421,57.692307692307686,16,63.1578947368421,
123680,345001,NATURES TWEET PROCESSORS,HARISH PROCESSORS,74.07407407407408,68.29268292682926,10,74.07407407407408,
126198,212937,SHREE LAKSHMI VENKATESWARA,VENKATESWARA AGENCIES,72.72727272727272,51.06382978723405,21,100.0,
91191,324011,FOYER MINES MINERALS,EMIL MINES MINERAL RESOURCES,66.66666666666666,66.66666666666667,14,66.66666666666666,
51027,85796,AGP CITY GAS,HMS GREEN CITY,61.53846153846154,46.15384615384615,12,61.53846153846154,
110177,331714,CABLE PROCESSORS INDIA,POOJA METAL PROCESSORS,68.18181818181819,59.09090909090908,15,76.92307692307692,
152398,301012,SNEHA FARM SPRIVATE,SNEHA HOSPITAL,60.60606060606061,60.60606060606061,9,71.42857142857143,
166986,261827,REGINAL TRANSPORT OFFICE DAUSA,ESTATE OFFICE,63.1578947368421,51.162790697674424,20,63.1578947368421,
180204,280620,YOGESH METALIYA,YOGESH HERITAGE,66.66666666666666,66.66666666666667,7,66.66666666666666,
252150,306048,BABU PERAM ASSOCIATES,BABU RAM,66.66666666666666,55.172413793103445,13,66.66666666666666,
46926,61636,CHOTA BABU JEWELLERS,BABU RAM JEWELLERS,87.5,73.6842105263158,8,66.66666666666666,
13713,179511,MOHAN MINES,NIKTON MINES MINERALS,62.5,50.0,13,62.5,
288452,298175,P P RAJU,B A RAJU TRANSPORT,80.0,46.15384615384615,12,80.0,
173724,199952,PARK CONTROAL COMMUNICATIONS,DEVI PARK,61.53846153846154,21.62162162162162,26,61.53846153846154,
65587,277778,UNIVERSAL OFFSETS,UNIVERSAL BOOK SELLERS,71.7948717948718,71.7948717948718,8,72.22222222222221,
134970,276741,PIONEER AGENCIES,PIONEER MOTORS,66.66666666666666,60.0,7,100.0,
251648,336089,PROPRIETOR ROSE RANI JOSEPH,MANAGING DIRECTOR JOSEPH P I,61.81818181818182,43.63636363636364,21,61.81818181818182,
198523,336612,CITY SIGH,FORTUNE CITY DEVELOPERS,61.53846153846154,37.5,18,61.53846153846154,
193837,291968,SREE SRINIVASA INDUSTRIES,SRINIVASA INFRA,75.0,65.0,12,100.0,
89613,254220,UNIVERSAL PRODUCTS,UNIVERSAL BOX STRAPPING ENG WORKS,66.66666666666666,50.98039215686274,21,66.66666666666666,
138606,221632,M W MINES,SHAPING MINES MINERALS,71.42857142857143,45.16129032258065,15,71.42857142857143,
6913,100479,STOREMANAGER JUBILANT FOODWORKS,JUBILANT FOODWOKRS,69.38775510204081,69.38775510204081,15,69.56521739130434,
189439,281296,SPS SPINNING MILLS,SPINNING KING INDIA,61.53846153846154,54.054054054054056,12,76.19047619047619,
31563,285938,VARMA HOIST SERVICES,VARMA TOURS TRAVELS,66.66666666666666,66.66666666666667,10,100.0,
122900,130226,AVI STEEL PROCESSORS,BABA METAL PROCESSORS,73.17073170731707,73.17073170731707,7,83.33333333333333,
206848,334393,VENKATESWARA FOOD PRODUCTS,SRILAKSHMI VENKATESWARA TRADERS,63.1578947368421,56.14035087719298,21,72.72727272727272,
148883,270052,REDCON ARCHITECTS,DM ARCHITECT ASSOCIATES,60.0,60.0,15,60.0,
29223,140736,UNIVERSAL PRECISION SCREWS,UNIVERSAL ENTERPRISE,65.21739130434783,65.21739130434783,13,100.0,
141352,247958,SRINIVASA TRADING,SRINIVASA HOSPITALS,69.23076923076923,66.66666666666667,8,100.0,
108091,223789,T M YOGESH TEXTILE,YOGESH TOUR TRAVELS,64.86486486486487,54.054054054054056,13,70.58823529411765,
77378,245910,PREMIER PEOPLE LOGISTIC,PREMIER INDUSTRIES,63.41463414634146,58.53658536585367,14,100.0,
126236,210459,UNIVERSAL TRAVEL,UNIVERSAL,100.0,72.0,7,100.0,
177389,317673,VENKATA SAI DURGAA TRADERS,VENKATA SAMBASIVA TRANSPORT,64.15094339622641,64.15094339622642,12,68.75,
265955,276778,ELITE POST TENSION,ELITE INDIA,62.5,55.172413793103445,10,100.0,
43618,165089,PIONEER TRADING,PIONEER XENERGY,66.66666666666666,66.66666666666667,7,100.0,
77054,280000,MANAGING PARTNER JOSHY JOSEPH,JOSEPH,100.0,34.285714285714285,23,100.0,
30639,245600,INDRA CONSTRUCTION ALLIANCE,ALLIANCE CURE,76.19047619047619,40.0,22,76.19047619047619,
39032,288917,UNIVERSAL PRODUCTS SEALS,SAVITT UNIVERSAL,72.0,44.99999999999999,19,72.0,
90324,121859,BACK OFFICE IT SOLUCTION,PLUS OFFICE SOLUTION,72.72727272727272,72.72727272727273,8,70.58823529411765,
283943,311868,PREMIER LEATHER,PREMIER FINE PRINTERS PUB,63.63636363636363,60.0,14,63.63636363636363,
39032,210459,UNIVERSAL PRODUCTS SEALS,UNIVERSAL,100.0,54.54545454545454,15,100.0,
52901,80741,BEST MART,BEST PEST FIRE CONTROL,61.53846153846154,45.16129032258065,15,100.0,
106853,227317,RAGHAV INVESTMENT,RAGHAV REALTY,63.1578947368421,60.0,9,100.0,
223108,286185,H S PROCESSORS INDIA0,V N DYERS PROCESSORS,68.29268292682927,63.41463414634146,14,68.29268292682927,
176340,325249,VISWAS TEXTILES PROCESSORS,ESS EHH PROCESSORS,71.42857142857143,68.18181818181819,11,71.42857142857143,
65590,67216,WOOD CRAFTS INDIA,WOOD SPA DECORS,62.5,50.0,11,61.53846153846154,
34418,198115,UNIVERSAL CONSTRUCTION CARE,UNIVERSAL ENGINEERS,64.28571428571428,60.86956521739131,13,78.26086956521739,
15042,131039,RISHI INTERNATIONAL PROP ASHOK GARG,ASHOK INTERNATIONAL,100.0,59.25925925925925,20,100.0,
221353,250455,VENKATESWARA RASIPURAM,VENKATESWARA HOTELS INDIA,70.58823529411765,68.08510638297872,10,77.41935483870968,
137518,273168,NATIONAL STEEL PROCESSORS,KAMAL PROCESSORS,76.92307692307692,68.29268292682926,11,80.0,
13084,264314,GSTAR MINES MINERALS OPC,JVC MINES MINERALS,87.5,71.42857142857143,9,87.5,
72201,250378,AKSHAR ELECTRIC PANEL BOARDS,AKSHAYA CARTONS BOARDS,64.0,64.0,13,73.17073170731707,
210459,330395,UNIVERSAL,UNIVERSAL TECHNOLOGIES,100.0,58.06451612903225,13,100.0,
234516,330826,SANGAM PACKERS,PRADEEP INDUSTRIAL PACKERS,66.66666666666666,55.00000000000001,15,66.66666666666666,
218151,269001,SHIV SHANKAR TEXTILE PROCESSORS,ORION PROCESSORS,76.92307692307692,55.319148936170215,18,76.92307692307692,
122574,129054,LAKSHMI VENKATESWARA TRANSPORT,VENKATESWARA MODERN RICE MILL,64.40677966101694,54.23728813559322,23,75.0,
50725,290702,KARNATAKA BOMBAY TRANPORT,BOMBAY ASSAY,66.66666666666666,43.24324324324324,17,66.66666666666666,
226177,291621,KAIRA OFFICE SOLUTION,ICON OFFICE INNOVATION,65.11627906976744,65.11627906976744,10,66.66666666666666,
131272,300549,INTIREO CONCEPTS,INNOVATIVE MARKETING CONCEPTS,66.66666666666666,66.66666666666667,14,66.66666666666667,
155435,344790,UNIVERSAL INTEGRATED CORPORATE SERVICE,UNIVERSAL CORROSSION ENGINEERS,61.76470588235294,52.94117647058824,24,63.333333333333336,
179100,337025,CITY CAR DECORS,CITY DENTAL CARE,70.96774193548387,58.06451612903225,9,70.96774193548387,
71343,269204,JOSEPH PHILIP MANAGING PARTNER,MANAGING PARTNER ANIL JOSEPH,90.19607843137254,55.172413793103445,26,90.19607843137254,
77739,122495,PREMIER INTEGRATED SERVICES,PREMIER ENGINEERS,63.63636363636363,63.63636363636363,13,68.57142857142857,
271882,321110,EAST INDIA PAPER BOARD MILLS,GUPTA BOARD,62.5,41.02564102564102,20,62.5,
118510,254702,ASHOK PACKAGING INDUSTRIES,ASHOK KUMAR,62.5,48.64864864864865,17,62.5,
193079,257782,SRINIVASA TRANSPORT,SRINIVASA INFRASTRUCTURE,69.76744186046511,69.76744186046511,11,100.0,
195842,271942,MOBIUS INTERIOR CONCEPTS,MARKETS CONCEPTS,66.66666666666666,55.00000000000001,13,66.66666666666666,
27041,197993,PREMIER CARWORLD,PREMIER POLYFILM,62.5,62.5,7,62.5,
218205,305355,S C SHAH,SHAH JII TOURS TRAVELS,66.66666666666666,33.333333333333336,17,66.66666666666666,
238676,306382,K R UNIVERSAL,UNIVERSAL PEACE CENTRE,81.81818181818181,51.42857142857142,17,81.81818181818181,
119380,338896,EAPEN JOSEPH,MANAGING DIRECTOR JOSEPH SIMON,66.66666666666666,42.85714285714286,21,66.66666666666666,
175251,303357,UNIVERSAL BIOFUELS,UNIVERSAL ORBITAL SYSTEMS,66.66666666666666,65.11627906976744,11,66.66666666666666,
284024,311668,RAJU GEMS,RAJU INDUSTRIES,61.53846153846154,58.33333333333333,9,100.0,
70882,296626,BOMBAY LOGISTICS,HUMANS OF BOMBAY STORIES,60.0,55.00000000000001,17,100.0,
133560,291496,HILL PARK PROPERTIES ESTATE,ANGEL PARK PROMOTERS,63.829787234042556,55.319148936170215,15,63.829787234042556,
133952,154242,VINEET ASHOK GANGWANI HUF,ASHOK SONS,66.66666666666666,40.0,18,66.66666666666666,
300949,306382,WELSPRING UNIVERSAL,UNIVERSAL PEACE CENTRE,64.28571428571428,43.90243902439024,19,64.28571428571428,
37645,269715,VENKATESWARA,VENKATESWARA PAPER,100.0,80.0,6,100.0,
46031,281296,HIMALAYA SPINNING MILLS,SPINNING KING INDIA,61.904761904761905,47.61904761904761,18,76.19047619047619,
77,143233,KRISHNA WOOD WORLD,ARIHANT WOOD PRODUCTS,61.53846153846154,61.53846153846154,11,61.53846153846154,
70015,340089,ASHTAVINAYAK READYMIX CONCRETE,SUPER READYMIX,72.72727272727272,45.45454545454546,20,72.72727272727272,
160940,208161,G CONS,BRIDGEPOINT RESEARCH CONS,80.0,38.70967741935484,19,80.0,
57539,88480,BALAJI MINES MINERALS,KARTHIKA MINES MINERALS,80.0,77.27272727272727,6,80.0,
303182,332240,MOHAMMED TOURS TRAVELS,MOHAMMED RIHAN,72.72727272727272,61.111111111111114,11,100.0,
74046,117191,SNEHA PACKERS,CERTIFIED PACKERS MOVERS,70.0,48.64864864864865,16,70.0,
4880,296912,RAGHAV SALES,RAGHAV BROTHERS,66.66666666666666,66.66666666666667,6,66.66666666666666,
261113,315336,SHEETAL RESIDENCY,LAXMI RESIDENCY PRAVATE,69.23076923076923,55.00000000000001,15,69.23076923076923,
19792,284024,RAJU CHACKO PROPRIETOR,RAJU GEMS,61.53846153846154,38.70967741935484,16,61.53846153846154,
10896,166875,GOPI KRISHNA PROCESSORS,SPA FABRICS PROCESSOR,63.63636363636363,68.18181818181819,11,65.0,
35205,76725,PIONEER FIL MED,PIONEER TRADERS,63.63636363636363,60.0,7,100.0,
112091,245849,MANAGING PARTNER ABRAHAM JOSEPH,TOMY JOSEPH MANAGING PARTNER,90.19607843137254,54.23728813559322,27,90.19607843137254,
126237,259205,ADITYA ADS,SUDHA ADS,63.1578947368421,63.1578947368421,5,63.1578947368421,
79965,279298,UNIVERSAL ELEC ND REFRIGERATION,AAKASH UNIVERSAL,72.0,38.297872340425535,25,72.0,
53880,181943,SHAJI JOSEPH MANAGING PARTNER,MANAGING PARTNER SEBASTIAN JOSEPH,88.46153846153847,51.61290322580645,27,88.46153846153847,
183089,218205,SHAH RATILAL SOMCHAND,S C SHAH,66.66666666666666,41.379310344827594,15,66.66666666666666,
3529,26406,BEST POLYMER,BEST PROCESSORS,66.66666666666666,66.66666666666667,7,66.66666666666666,
80540,194679,STRUCTURAL CONCEPT DESIGNS,FILTER CONCEPT,66.66666666666666,50.0,16,66.66666666666666,
42712,249281,SARAVANA STORES ELITE,ELITE FUELS,62.5,31.25,18,62.5,
48029,279791,N S READYMIX,H Y C READYMIX CONCRETE,80.0,57.14285714285714,13,80.0,
54094,277359,ELITE FURNITURE,ELITE REALTORS,62.06896551724138,62.06896551724138,7,62.06896551724138,
44635,293526,JINDAL PADDY PROCESSORS,ASSO AGRO FOOD PROCESSORS,62.5,62.5,12,66.66666666666666,
10810,79169,HI TECH PACKERS MOVERS,INDIAN PACKERS,66.66666666666666,50.0,13,100.0,
143977,238924,SATISH BAR RESTAURANT,JOGMAYA BAR RESTAURANTS,68.18181818181819,72.72727272727273,8,70.0,
9415,34386,KALAKRUTI ARCHITECTS PLANNERS,PLANK PILLAR ARCHITECTS,73.07692307692308,57.692307692307686,19,73.07692307692308,
88838,199379,MANAGING PARTNER JOSEPH ABRAHAM,K T JOSEPH MANAGING DIRECTOR,69.76744186046511,44.067796610169495,29,69.76744186046511,
160255,323180,ASHOK KUMAR LADURAM HUF,ASHOK TIWARI HUF,72.0,61.53846153846154,11,72.0,
63879,151182,JM FINAN INVST CONS SERVICE,FP INDIA PROJECT MGMT CONS SERVICE,68.85245901639344,62.295081967213115,17,51.61290322580645,
57616,77918,SRINIVASA MARUTI STEEL,SRINIVASA MACHINE WORKS,66.66666666666666,66.66666666666667,10,78.78787878787878,
263501,294348,PIONEER BUSINESS SOLUTIONS,PIONEER INFOSYS,63.63636363636363,58.53658536585367,14,77.41935483870968,
8420,254084,STEELMAX PROCESSORS,SHREE TIRUPATI PROCESSORS,68.9655172413793,68.18181818181819,10,68.9655172413793,
178179,323209,DEVI ADS,B M ADS,60.0,53.333333333333336,4,60.0,
265904,321498,SHAH CLOCK AGENCIES,A N SHAH,66.66666666666666,29.629629629629626,16,66.66666666666666,
82963,152865,PREMIER PEST CONTROL,PREMIER INFRA SERVICES,61.904761904761905,47.61904761904761,13,100.0,
140547,308601,M P M PROCESSORS,BENGAL STEEL PROCESSORS,83.33333333333333,61.53846153846154,11,83.33333333333333,
112817,340116,BHASKAR ARCHITECTS,ARCH AID ARCHITECTS ENG,71.42857142857143,63.41463414634146,11,71.42857142857143,
193773,257129,ANNA MINES MINERALS CONTRACTOR,MADHA MINES,62.5,39.02439024390244,23,62.5,
126198,140360,SHREE LAKSHMI VENKATESWARA,VENKATESWARA AUTO FINANCE,64.86486486486487,47.05882352941176,24,100.0,
76194,169812,VIJAYA TOURS TRAVELS,VIJAYA KRISHNA VENTURES,65.11627906976744,65.11627906976744,13,100.0,
215528,229651,SREE GANESH MINES ROCKS,SPT MINES,71.42857142857143,43.75,16,71.42857142857143,
39864,194501,P K SHAH,DHAVAL B SHAH HUF,66.66666666666666,48.0,11,66.66666666666666,
94979,304455,ASHOK ENGINEERING WORKS,ASHOK INVESTMENTS,60.0,60.0,13,100.0,
158388,233864,OM PACKERS MOVERS,BHATIA PACKERS,66.66666666666666,51.61290322580645,13,66.66666666666666,
119395,247958,ALAMELU SRINIVASA VENTURES,SRINIVASA HOSPITALS,64.28571428571428,53.333333333333336,16,64.28571428571428,
144541,282562,VENKATESWARA HI TECH FUELS,LAKSHMI VENKATESWARA RICE MILL,67.85714285714286,60.71428571428572,17,72.72727272727272,
37380,53780,MANAGING DIRECTOR RAY THOMAS,THOMAS,100.0,35.29411764705882,22,100.0,
63792,251889,PREMIER AGENCY,PREMIER CNC PRESS SHOP,66.66666666666666,55.55555555555556,13,100.0,
160499,334864,MATESWARI MINES,MARUTI MINES MINERALS,61.111111111111114,61.111111111111114,12,61.111111111111114,
9471,82736,MOCHAN FOOD PROCESSORS,ROLEX PROCESSORS,76.92307692307692,63.1578947368421,10,76.92307692307692,
257470,290559,ELITE HOME DECOR,ELITE IMPEX,62.5,59.25925925925925,8,62.5,
37085,135069,CK MINES MINERALS,SANWARIYA MINES MINERALS,90.3225806451613,73.17073170731707,9,90.3225806451613,
119986,330108,ZOE CONCEPTS,INTEGRATED CONCEPTS,80.0,64.51612903225806,9,80.0,
75895,315200,SRINIVASA CONSTRUCTION,SRINIVASA TEXTILES,66.66666666666666,65.0,10,100.0,
222763,343747,SYNERGIE INST OF TRADE COMM INDIA,BT GLOBAL COMM INDIA,66.66666666666666,56.60377358490566,19,45.714285714285715,
108431,329662,M ASHOK,ASHOK AGENCYS,83.33333333333333,50.0,10,83.33333333333333,
269717,286574,WASHROOM HYGIENE CONCEPTS,ETUWA CONCEPTS,72.72727272727272,56.41025641025641,16,72.72727272727272,
198115,238672,UNIVERSAL ENGINEERS,UNIVERSAL INDUSTRIES,71.7948717948718,71.7948717948718,8,100.0,
67551,95879,SHAH PLASTIC WORKS,C C SHAH SONS,62.06896551724138,51.61290322580645,13,53.333333333333336,
134045,289200,NSG SPEED LOGISTICS,JS SPEED LOGISTICS,91.89189189189189,91.89189189189189,2,82.35294117647058,
74350,176055,JOSEPH SHAJI PROPRIETOR,MANAGING DIRECTOR JOHNY JOSEPH,60.37735849056604,30.188679245283023,26,60.37735849056604,
42182,59615,NISHA JOSEPH PROPRIETOR,AABY MARY JOSEPH PROPRIETOR,85.0,76.0,8,85.0,
280793,280834,PROPRIETOR JOSEPH MATHEW,PROPRIETOR SUNOJ MATHEW,85.0,80.85106382978724,6,85.0,
228372,339012,UNITED ALLIANCE HEALTH CARE,KSP ALLIANCE,80.0,46.15384615384615,18,80.0,
222773,309217,ELITE MARKETING,ELITE INFRA,62.5,61.53846153846154,9,100.0,
44316,331860,IR CIVIL ENGINEERS CONT,ADS CIVIL INTERIORS,61.904761904761905,57.14285714285714,12,61.904761904761905,
268940,296346,CHHABRA HOME CONCEPTS,FAALCON CONCEPTS,66.66666666666666,64.86486486486487,9,66.66666666666666,
148913,227474,SRINIVASA SUPPLIERS,SRINIVASA POLYMERS,81.08108108108108,81.08108108108108,5,81.08108108108108,
87970,212646,LAKSHMI VENKATESWARA INFRA,SREE VENKATESWARA ELECTRICAL WORLD,63.1578947368421,56.666666666666664,20,75.0,
17304,60781,OFFICE SOLUTION,LOUTS OFFICE SOLUTIONS,81.08108108108108,81.08108108108108,7,100.0,
132726,191828,CITY CAB TOURS TRAVELS,CITY RIDE,61.53846153846154,45.16129032258065,15,66.66666666666666,
63190,92649,BOMBAY DEVELOPERS GLOBAL,BOMBAY TEXTILE,60.0,52.63157894736843,15,60.0,
15755,195715,TARUN PREMIER,PREMIER OIL MILLS,70.0,46.666666666666664,14,70.0,
281336,306350,RITZ CLASSIC RESTAURANT BAR,EMPIRE RESTAURANT BAR,80.0,66.66666666666667,12,80.0,
77080,164478,PROPRIETOR P T JOSEPH,PROPRIETOR SABU JOSEPH,89.47368421052632,83.72093023255813,4,89.47368421052632,
10401,98662,GEETA TRAVEL PLUS,GEETA HOSPITAL,64.51612903225806,58.06451612903225,10,64.51612903225806,
132454,151232,PREMIER MOTORS,PREMIER ENTERPRISE,68.75,68.75,7,100.0,
89904,123466,SUNTEC READYMIX CONCRETE,GANAPATHI READYMIX CONCRETTE,76.92307692307692,76.92307692307692,8,76.92307692307692,
311548,314669,ASHOKA BROTHERS PROP ASHOK KUMAR,PROPRIETOR ANISH ASHOK KUMAR,70.0,56.666666666666664,17,70.0,
236782,295107,UNIVERSAL AGRO CHEMICAL INDUSTRIES,UNIVERSAL INKA,78.26086956521739,50.0,22,78.26086956521739,
1801,314528,VIJAYA KUMARI G PROPRIETOR,VIJAYA DURGA MOTORS,62.22222222222222,66.66666666666667,13,65.0,
5627,227399,SRINIVASA,SRINIVASA TRAVELS,100.0,69.23076923076923,8,100.0,
143279,193730,LAKSHMI SRINIVASA RICE FLOO,SAI SRINIVASA MARKETING,60.0,60.0,14,60.0,
246677,252619,UNIVERSAL TRADING,CHANDRAKALA UNIVERSAL,69.23076923076923,47.36842105263158,17,100.0,
130226,217048,BABA METAL PROCESSORS,BLUE STAR PROCESSORS,73.17073170731707,73.17073170731707,6,75.67567567567568,
53150,88846,PROPRIETOR JOSE MATHEW,PROPRIETOR SUNNY MATHEW,87.17948717948718,84.44444444444444,5,87.17948717948718,
37975,137956,SHAH INDUSTRIAL PRODUCTS,V M SHAH,66.66666666666666,25.0,21,66.66666666666666,
147026,262592,JIJU JOSEPH PROPRIETOR,KONKOTH JOSEPH VINSON PROPRIETOR,87.17948717948718,66.66666666666667,14,87.17948717948718,
257129,292162,MADHA MINES,GRINGOTTS MINES INDIA,62.5,37.5,15,62.5,
74848,130329,UNIVERSAL EXPORTS,VGP UNIVERSAL VENTURES,69.23076923076923,66.66666666666667,9,69.23076923076923,
249775,332214,JAIN MINES MINERALS INDIA,KRISHNA MINES MINERALS,77.77777777777777,72.34042553191489,11,84.84848484848484,
45401,46917,ALLIANCE VISION SERVICES,ALLIANCE MILLS LESSEES,69.56521739130434,69.56521739130434,10,69.56521739130434,
147762,162914,ALLIANCE CELLULOSE INDIA,LIQUOR ALLIANCE,69.56521739130434,41.02564102564102,18,72.72727272727272,
200080,314431,PIONEER ENGINEERING CONTRACTS,PIONEER PROJECTS,60.869565217391305,57.77777777777777,16,100.0,
99318,203248,RAGHAV MINERALS,RAGHAV THUKRAL HUF,60.60606060606061,60.60606060606061,8,60.60606060606061,
72220,233760,UNIVERSAL,UNIVERSAL HOME APPLIANCES,100.0,52.94117647058824,16,100.0,
40281,150255,JUBILANT FOOBWORKS,JUBILANT FOOWORKS,97.14285714285714,97.14285714285714,1,97.14285714285714,
27330,213780,BENGAL SHRIRAM HITECH CITY,HOTEL SIRSA CITY INN,60.869565217391305,52.17391304347826,16,60.869565217391305,
259259,331860,S S ADS,ADS CIVIL INTERIORS,75.0,30.76923076923077,15,75.0,
17700,315695,PORTBLAIR PACKERS ANDMOVERS,SHIFT PACKERS MOVERS,68.08510638297872,68.08510638297872,12,68.08510638297872,
50148,84721,S S PIONEER,COIMBATORE PIONEER MILLS,87.5,45.714285714285715,16,87.5,
106026,172236,RAGHAV PHARMA,RAGHAV WOOLEN MILLS,63.1578947368421,50.0,11,63.1578947368421,
35138,166469,M P BOMBAY TRANSPORT,BOMBAY SCOOTER MOTOR,65.0,55.00000000000001,14,75.0,
86138,115945,CONCEPT HOLIDAYZ PLANNER INDIA,CONCEPT EVENTS PLANNER,81.08108108108108,61.53846153846154,14,81.08108108108108,
109694,276449,RAGHAV MOTORS,NEMPAL SINGH RAGHAV HUF,63.1578947368421,38.888888888888886,19,63.1578947368421,
10148,268137,VICTOR PACKERS,SUMEET PACKERS LIITED,66.66666666666666,51.42857142857142,13,66.66666666666666,
7016,299144,MANAGING PARTNER ABIN ANTU MATHEW,MANAGER BOVUS MATHEW,64.15094339622641,64.15094339622642,17,64.15094339622641,
5738,313366,UNIVERSAL FABRICATORS,IKIA UNIVERSAL TRANSPORT,66.66666666666666,62.22222222222222,13,78.26086956521739,
197052,323418,UNIVERSAL PRINTING PRESS,UNIVERSAL FEBRICATION,71.11111111111111,66.66666666666667,13,71.11111111111111,
98410,112817,VAM CONSULTING ENGINEERS ARCHITECTS,BHASKAR ARCHITECTS,71.42857142857143,52.83018867924528,22,71.42857142857143,
60577,186945,ATAL INDORE CITY TRANSPORT SERVICE,CITY SERVICE CENTRE,77.41935483870968,45.28301886792453,26,59.25925925925926,
38373,40540,EMPRADA MINES MINERALS,SP MINES MINERALS,90.3225806451613,82.05128205128204,6,90.3225806451613,
249747,332412,CHAIRMAN SRI YADEYUR,CHAIRMAN ABDUL AZEEZ,60.0,60.0,10,61.111111111111114,
2263,271436,PIONEER AUTOMOTIVES,PIONEER EMBROIDERIES,66.66666666666666,66.66666666666667,9,66.66666666666666,
23719,136540,GUBBI CIVIL ENGINEERS,CIVIL ENGINEERING DPT IIT BOMBAY,60.37735849056604,52.83018867924528,24,43.90243902439025,
85239,228953,RAGHAV STEELS,RAGHAV PRODUCTIVITY SOLUTIONS,63.1578947368421,47.61904761904761,19,100.0,
153078,282258,KASARA MINES MINERALS,KARPAGA VINAYAGAA MINES,63.63636363636363,59.09090909090908,13,63.63636363636363,
69310,119891,CONCEPT FACTORY,FASHION CONCEPT,73.33333333333333,46.666666666666664,14,73.33333333333333,
65908,326264,FORAY UNIVERSAL CONSULTANCY SERVICE,LUBCON UNIVERSAL,72.0,43.13725490196079,26,75.0,
64626,180440,BEAUTY CONCEPTS,CURATURE CONCEPTS,69.56521739130434,68.75,6,69.56521739130434,
262411,316769,LALITHA JEWELLERS,LALITHA BAI ENTERPRISES,60.0,60.0,11,100.0,
89394,247466,JAI SHANKAR MINES MINERALS,MAA ANJANI MINES MINERALS,82.35294117647058,78.43137254901961,7,82.35294117647058,
94610,340358,LITO THOMAS PROPRIETOR,THOMAS V M,75.0,43.75,15,75.0,
238672,341340,UNIVERSAL INDUSTRIES,UNIVERSAL FIRE SAFETY ENGINEERS,62.745098039215684,62.745098039215684,15,100.0,
85762,268466,RECON A CITY,CITY,100.0,50.0,8,100.0,
173216,218664,QUALITY PACKERS MOULDERS,CHAND PACKERS,70.0,48.64864864864865,15,70.0,
143337,247958,SRINIVASA TRADERS,SRINIVASA HOSPITALS,72.22222222222223,72.22222222222221,8,100.0,
21433,218255,SRINIVASA INFRA PROJECTS,LAXMI SRINIVASA ENTERPRISES,62.745098039215684,62.745098039215684,15,100.0,
137787,283231,PACKERS PRODUCTS,SYNTHETIC PACKERS,60.869565217391305,42.42424242424242,14,60.869565217391305,
47873,245910,PREMIER CREDIT CAPITAL,PREMIER INDUSTRIES,60.0,55.00000000000001,12,100.0,
37388,107024,PROPRIETOR THOMAS V M,DIRECTOR MANESH THOMAS,60.46511627906977,55.81395348837209,17,60.46511627906977,
8420,101650,STEELMAX PROCESSORS,PREMIER TEXTILE PROCESSORS,68.9655172413793,62.22222222222222,12,68.9655172413793,
255737,264003,ASHOK KUMAR TOURS TRAVELS,ASHOK KUMAR GAUR PROP SHRI KESHAV T,61.111111111111114,60.0,18,100.0,
306005,329707,MARWAR MINES MINERALS,JINDAL EARTH MINES,66.66666666666666,46.15384615384615,13,66.66666666666666,
252706,302077,UDAY MINES,RMG SUPER MINES,66.66666666666666,56.00000000000001,8,66.66666666666666,
106905,146653,SHREE BALAJI READYMIX,AKB READYMIX CONCRETE,66.66666666666666,47.61904761904761,19,66.66666666666666,
11082,72856,PIONEER INS REINS BROKERS,PIONEER PESTICIDES,60.46511627906977,55.81395348837209,13,60.46511627906977,
122912,161911,CONCEPTS HYGIENE,SPACEAGE STORAGE CONCEPTS,66.66666666666666,39.02439024390244,19,66.66666666666666,
218692,312218,BRASS CITY CREATIONS,CITY UNION BANK,62.857142857142854,45.714285714285715,15,57.142857142857146,
316636,337315,BABU MATHAI PROPRIETOR,MOHAN BABU TRADERS,60.0,44.99999999999999,18,57.142857142857146,
126913,135802,YUVASHAKTI TEA PROCESSOR,JUPITER MULTI FRUIT PROCESSOR,60.37735849056604,56.60377358490566,15,60.37735849056604,
65590,335924,WOOD CRAFTS INDIA,SAN WOOD INDIA LIMIED,74.07407407407408,52.63157894736843,15,53.333333333333336,
212651,264314,KRISHNA GODAVARI MINES MINERALS,JVC MINES MINERALS,87.5,65.3061224489796,15,87.5,
98374,215377,GEETA POLYWEAVES,GEETA TRADERS,62.06896551724138,62.06896551724138,8,100.0,
168621,223357,UNIVERSAL CONTAINERS,ACME UNIVERSAL SAFEZONE 9,62.22222222222222,57.77777777777777,13,62.22222222222222,
140386,345745,PIONEER CONSTRUCTIONS,PIONEER ADVERTISING,60.0,60.0,10,100.0,
180142,290163,SAI PACKERS,SAGAR PRINTER PACKERS,77.77777777777777,68.75,10,77.77777777777777,
249281,321925,ELITE FUELS,ELITE FOREX,72.72727272727272,72.72727272727273,4,72.72727272727272,
123680,141662,NATURES TWEET PROCESSORS,GUJARAT TEA PROCESSORS PACKERS,66.66666666666666,59.25925925925925,17,66.66666666666666,
192034,231242,UNIVERSAL SPARE PARTS,PROPRIETOR UNIVERSAL TRADERS,65.3061224489796,57.14285714285714,18,73.17073170731707,
92649,288817,BOMBAY TEXTILE,BOMBAY METRICS SUPPLY CHAIN,60.0,53.65853658536586,17,60.0,
10549,288091,ARUN AMBULANCE SERVIES,ARUN PHARMA SURGICALS,60.46511627906977,60.46511627906976,13,60.46511627906977,
23355,276778,ELITE INFRA CONMIX,ELITE INDIA,62.5,62.06896551724138,9,100.0,
13707,85902,KARMA PROCESSORS,AKG RICE PROCESSORS,76.92307692307692,74.28571428571429,6,76.92307692307692,
154368,165088,DEV RELOCATION PACKERS MOVERS,PLASTO PACKERS,66.66666666666666,55.81395348837209,18,66.66666666666666,
173407,211475,BEST TOURS TRAVELAS,BEST DEAL,61.53846153846154,50.0,12,63.63636363636363,
79173,83291,SWEKRETI RESIDENCY,GOUTHAM RESIDENCY,69.23076923076923,62.857142857142854,8,69.23076923076923,
278796,317994,UNIVERSAL UNEISTRONG,UNIVERSAL TOURS TRAVELS,65.11627906976744,65.11627906976744,10,100.0,
103238,288174,SRINIVASA DEVELOPERS,SRINIVASA FASHIONS,66.66666666666666,63.1578947368421,8,66.66666666666666,
794,199881,ARUN MEDICALS,ARUN SALES,69.56521739130434,69.56521739130434,6,69.56521739130434,
79176,295727,RIDDHIMA PACKERS,EXPRESS CARGO PACKERS MOVERS,60.869565217391305,45.45454545454546,19,60.869565217391305,
209435,243433,UNIVERSAL BOOK TRADERS,UNIVERSAL AIRCON SYSTEMS,65.21739130434783,65.21739130434783,10,78.26086956521739,
111811,222066,PIONEER INDUSTRIES,PIONEER MANAGEMENT SERVICES,62.22222222222222,62.22222222222222,13,100.0,
172056,272668,UNIVERSAL PRODUCTS,UNIVERSAL PAINTS CHEM INDU,66.66666666666666,59.09090909090908,14,66.66666666666666,
181935,298119,MANAGING DIRECTOR JOSEPH MATHEW,PROPRIETOR SHAJI MATHEW,62.96296296296296,55.55555555555556,18,62.96296296296296,
168747,332333,KAMAKHYA JEWELS,KAMAKHYA ENTERPRISE,70.58823529411765,70.58823529411764,8,100.0,
26488,177717,SRINIVASA ENTERPRISE,SRINIVASA SALES SERVICE,69.76744186046511,69.76744186046511,9,100.0,
82699,98413,BOMBAY SHOE,BOMBAY SPRINGS INDIA,70.58823529411765,51.61290322580645,12,70.58823529411765,
206190,312564,PIONEER PUB,PIONEER TESTING LABORATORY,77.77777777777777,48.64864864864865,17,77.77777777777777,
75649,267206,CONCEPT CLOTHING TEXTILES,CONCEPT ASSOCIATES,60.46511627906977,60.46511627906976,13,60.46511627906977,
88,185883,SHAH DECORS,K V SHAH TRADERS,66.66666666666666,66.66666666666667,9,66.66666666666666,
159286,325068,UNIVERSAL TRADING PART,KALPTARU UNIVERSAL,66.66666666666666,44.99999999999999,19,81.25,
88796,212322,FORM SPACE ARCHITECTS,AARAA ARCHITECTS,76.92307692307692,70.27027027027026,8,76.92307692307692,
140116,227184,ELITE SECURITAS,ELITE EQUIPMENT INDIA,61.111111111111114,61.111111111111114,13,66.66666666666666,
18,150870,BEST INDIA SEA FOODS,GUARDIAN SEA FOOD,64.86486486486487,64.86486486486487,9,54.54545454545455,
5233,18806,SAI MINES,VIGNESHWARA MINES MINERALS,71.42857142857143,51.42857142857142,17,71.42857142857143,
132,194054,JERICHO AGRO PROCESSORS,JYOTI PROCESSORS,76.92307692307692,66.66666666666667,10,76.92307692307692,
44623,266940,CONCEPT PLAST,CONCEPT ENGINEERS CONSTRUCTION,70.0,46.51162790697675,20,70.0,
165802,301534,RAJU SHETE TOURS TRAVELS,RAJU POOJA TOUR TRAVELS,76.59574468085106,76.59574468085107,6,57.142857142857146,
26712,182642,SHIVAM MINES MINERALS,S R MINES,71.42857142857143,53.333333333333336,13,71.42857142857143,
186376,321498,RITESH SHAH HUF,A N SHAH,66.66666666666666,43.47826086956522,10,66.66666666666666,
13143,57754,HARIKA MINES MINERALS,SANGAMESHWAR MINES MINERALS,80.0,75.0,10,80.0,
172434,323460,UNIVERSAL EXPRESS SERVICES,UNIVERSAL STONE EXPORTS,73.46938775510205,61.224489795918366,12,80.0,
38727,129068,WOOD NATION,SAI WOOD TIMBER,61.53846153846154,53.84615384615385,10,61.53846153846154,
133130,184139,ASHOK COAL TRADERS,ASHOK TOUR TRAVELS,72.22222222222223,72.22222222222221,5,70.0,
112274,158897,ANJALI DIAM,ANJALI KOTARKI AYUVEDIC HOSPITAL,70.58823529411765,46.51162790697675,22,70.58823529411765,
133294,255425,GESTURE ARCHITECTS,AVAKAZ ARCHITECTS,74.07407407407408,62.857142857142854,7,74.07407407407408,
147884,287626,HAPTIK ARCHITECTS,EARTHFIRM ARCHITECTS,75.67567567567568,75.67567567567568,6,75.67567567567568,
72220,132935,UNIVERSAL,UNIVERSAL HI TECH,100.0,69.23076923076923,8,100.0,
138431,163219,PARAMOUNT UNIVERSAL,UNIVERSAL ENEGINEERING WORKS,64.28571428571428,38.297872340425535,23,64.28571428571428,
942,40972,ARUN BABU,B BABU SONS,61.53846153846154,50.0,9,61.53846153846154,
34138,345169,SHAH STATIONERY MART,SHAH R D TRADERS,61.111111111111114,50.0,13,66.66666666666666,
4090,324890,THULASI READYMIX,AMBIKA READYMIX CONCRETE,66.66666666666666,55.00000000000001,16,66.66666666666666,
178066,282478,PREMIER SPINING MILLS,PREMIER MINERALS CHEMICAL INDIA,61.53846153846154,53.84615384615385,18,60.869565217391305,
136214,165088,UPASANA PRINTERS PACKERS,PLASTO PACKERS,66.66666666666666,63.1578947368421,13,66.66666666666666,
100199,212651,SHREE MINES MINERALS,KRISHNA GODAVARI MINES MINERALS,82.35294117647058,70.58823529411764,14,82.35294117647058,
94740,253441,ALLIANCE DISTRIBUTOR,ALLIANCE FIBRES,69.56521739130434,68.57142857142857,9,69.56521739130434,
123561,210068,MNG PARTNER PARAKKAL JOSEPH DOMINIC,MANAGING PARTNER SOJIMON JOSEPH,63.63636363636363,57.57575757575757,21,63.63636363636363,
188879,189637,PIONEER CHEM BIZ,PIONEER SYSTEMS PROJECTS,60.869565217391305,55.00000000000001,13,64.51612903225806,
170565,237689,TELEWORLD MINES MINERALS,AR MINES MINERALS,90.3225806451613,78.04878048780488,8,90.3225806451613,
138755,325012,VIJAY KUMAR ASHOK KUMAR MODI,ASHOK SALES,62.5,35.89743589743589,21,62.5,
173491,227653,TNA ALLIANCE,ALLIANCE PAINT VARNISH WORK,80.0,41.02564102564102,22,80.0,
14953,344718,RAGHAV WOOLLEN MILLS,RAGHAV GLASS,66.66666666666666,56.25,11,66.66666666666666,
79796,348894,NORTH CITY HOSPITAL N INDIA,CITY HEART HOSPITAL,81.25,56.52173913043479,17,81.25,
70422,334393,VENKATESWARA HOUSING,SRILAKSHMI VENKATESWARA TRADERS,75.0,54.90196078431373,18,75.0,
91808,329847,MAA NACHINDA SEA FOODS,NILA SEA FOODS EXPORTS,63.63636363636363,59.09090909090908,16,50.0,
32225,235674,PIONEER POLY PRODUCTS,PIONEER EXTRACTS,64.86486486486487,64.86486486486487,9,64.86486486486487,
75994,191828,QING AMBAY CITY DEVELOPERS,CITY RIDE,61.53846153846154,40.0,20,61.53846153846154,
325579,338508,R J SHAH,KAMAL MOTORS UC VIMAL KUMAR SHAH,66.66666666666666,35.0,25,66.66666666666666,
54771,206323,V S SHAH,MITESH J SHAH HUF,66.66666666666666,48.0,11,66.66666666666666,
161366,333471,PREMIER RETAIL TRADING,PREMIER ENGINEERING,68.29268292682927,68.29268292682926,8,100.0,
282562,333240,LAKSHMI VENKATESWARA RICE MILL,VENKATESWARA PLASTERS,72.72727272727272,54.90196078431373,17,72.72727272727272,
11082,124361,PIONEER INS REINS BROKERS,PIONEER CONSTRUCTION,62.22222222222222,57.77777777777777,14,100.0,
246527,325579,SHAH MULTANMAL MAHENDRA KUIMAR,R J SHAH,66.66666666666666,21.052631578947366,26,66.66666666666666,
136872,189343,UNIVERSAL TNSPT WH SERVICES,AMBERTEX UNIVERSAL EXPORT,61.53846153846154,46.15384615384615,22,66.66666666666666,
160734,293842,SHANMUKHA SRINIVASA ENTERPRISES,SRINIVASA ROADLINES,64.28571428571428,56.00000000000001,18,64.28571428571428,
78890,159462,ELITE ENGINEERS,ELITE ENTERPRISE,70.96774193548387,70.96774193548387,7,100.0,
193931,284081,SRINIVASA METALI,SRINIVASA TRAVELS AGENCY,72.0,65.0,12,100.0,
95203,95474,SRINIVASA ENGINEERING PROJECTS,HOTEL SRINIVASA,75.0,40.0,26,100.0,
85421,148573,STHALAM CONCEPTS,CONCEPTS DEVICES,66.66666666666666,50.0,14,66.66666666666666,
92234,235600,ASHOK INFRA,ASHOK THREAD TRADERS,62.5,51.61290322580645,12,100.0,
326264,330395,LUBCON UNIVERSAL,UNIVERSAL TECHNOLOGIES,72.0,47.36842105263158,20,100.0,
33109,174390,PREMIER EDM CENTER,PREMIER HARDWARE,60.869565217391305,58.82352941176471,9,60.869565217391305,
257751,299763,SRINIVASA AQUA TRADERS,SRINIVASA STONE CRUSHER,62.22222222222222,62.22222222222222,10,78.26086956521739,
84491,191384,VENKATESWARA UDHYOG,VENKATESWARA HOTELS INDIA,77.41935483870968,68.18181818181819,12,78.94736842105263,
70285,77473,RAJLAKSHMI PAPER BOARDS,R K PAPER BOARD MILLS,68.18181818181819,68.18181818181819,13,68.42105263157895,
67507,337289,KAVYA IMPEX,KAVYA INTERNATIONAL,62.5,53.333333333333336,11,62.5,
32374,272115,MARVEL DYERS PROCESSORS,KWALITY STEEL PROCESSORS,63.829787234042556,63.829787234042556,10,71.42857142857143,
125949,136265,ZERCON READYMIX,CAPITOL READYMIX,70.96774193548387,70.96774193548387,6,70.96774193548387,
90554,257090,VENKATESWARA ENTERPRISE,VENKATESWARA AUTOMOBILES,68.57142857142857,68.08510638297872,8,100.0,
147330,325068,UNIVERSAL CREATIONS,KALPTARU UNIVERSAL,66.66666666666666,48.64864864864865,18,66.66666666666666,
104958,314367,GEETA OIL INDUSTRIES,GEETA FUELS,62.5,58.06451612903225,12,71.42857142857143,
203357,215415,SHAH ENGINEERING FABRICATION,SHAH SONS,61.53846153846154,37.83783783783784,22,61.53846153846154,
129156,304470,BEST L N C SERVICES,BEST PROPERTY MANAGEMENT SERVICES L,88.23529411764706,59.25925925925925,19,75.0,
206625,286574,EXITO MEDIA CONCEPTS,ETUWA CONCEPTS,72.72727272727272,70.58823529411764,8,72.72727272727272,
31375,250150,UNIVERSAL ASSOCIATE,UNIVERSAL STEEL,76.47058823529412,76.47058823529412,8,100.0,
66733,251847,SEWA RAM PACKERS,LILY PACKERS,73.6842105263158,57.14285714285714,8,73.6842105263158,
82025,127470,UNIVERSAL ENERGY SOLUTIONS,UNIVERSAL MININGS,69.23076923076923,65.11627906976744,14,72.72727272727272,
124756,240692,VASAVI WOOD INDUSTRIES,AGGARWAL WOOD INDUSTRIES,81.08108108108108,78.26086956521739,7,58.333333333333336,
61632,236283,1 SHEZAD RAZA 2 ISRAN SHAH,SHAH SONS,61.53846153846154,40.0,19,61.53846153846154,
137832,268473,CONCEPT INFORMATION TECH INDIA,CONCEPT INFORMATION TECHNOLOGIES,77.55102040816327,83.87096774193549,7,100.0,
116657,127353,VIP,VIP JEWELLERS,100.0,37.5,10,100.0,
156313,297791,KINETIC SPEED LOGISTICS,SPEED CABS,66.66666666666666,48.484848484848484,16,66.66666666666666,
96400,195459,ARUN KUMAR SHINGHAL HUF,OM PARKASH ARUN KUMAR JAIN,60.60606060606061,53.06122448979591,21,60.60606060606061,
251845,259561,SAMRIDDHI PROCESSORS INDIA,RIDDHI PROCESSORS,79.06976744186046,79.06976744186046,9,91.89189189189189,
195507,251476,FUTURE UNIVERSAL PETROCHEM,UNIVERSAL INFRA PROJECTS,68.0,56.00000000000001,19,100.0,
72220,265051,UNIVERSAL,UNIVERSAL ENTERPRISES,100.0,60.0,12,100.0,
36638,286679,RAJU,PROP ROHITH RAJU,100.0,40.0,12,100.0,
263192,282557,SS ULTRA READYMIX,VNS READYMIX,80.0,68.96551724137932,8,80.0,
72506,143409,HEAD OF OFFICE,ARECA IFM SERVICES OFFICE SOLUTIOS,60.0,45.833333333333336,24,60.0,
309847,334300,AMODHA ARCHITECTS,ARHA ARCHITECTS ENGINEERS,74.07407407407408,66.66666666666667,13,74.07407407407408,
195965,335122,SRINIVASA STEEL TRADERS,LAKSHMI SRINIVASA TRANSPORT,64.0,56.00000000000001,19,100.0,
150616,258678,R R SHAH,RAJIT RASHMIN SHAH HUF,80.0,53.333333333333336,14,80.0,
55182,227482,VENKATESWARA CHEMICALS,LAKSHMI VENKATESWARA MINERALS,74.50980392156863,70.58823529411764,14,74.50980392156863,
88341,117562,RUDRA MINES,SHREE ARIHANTDEV MINES MINERALS,62.5,42.85714285714286,22,62.5,
12129,86629,GROWLAM OFFICE,DS4 OFFICE SUPPLY,60.0,45.16129032258065,14,60.0,
245600,271059,ALLIANCE CURE,ALLIANCE AUTOMOTIVES,76.19047619047619,66.66666666666667,9,76.19047619047619,
178952,193083,SRINIVASA CONSTRUCTION INDIAPVT,SRINIVASA FARMS,75.0,47.82608695652174,20,100.0,
261884,275900,MAGHAN PACKERS,MLR PACKERS MOVERS,66.66666666666666,56.25,12,66.66666666666666,
229742,322064,HU PACKERS,PMDY PACKERS MOVERS,82.35294117647058,55.172413793103445,11,82.35294117647058,
162948,288415,RAMA COLOR PHOTO PROCESSORS,DURGA PROCESSORS,76.92307692307692,60.46511627906976,15,76.92307692307692,
230189,256980,GEETA INDUSTRIES,GEETA TOOLS,62.5,59.25925925925925,8,100.0,
125275,314647,VENKATESWARA PAPER TRADERS,LAKSHMI VENKATESWARA TRACTORS,72.72727272727272,65.45454545454545,17,80.0,
149415,200481,ABKE READYMIX,ALTRACON READYMIX CONCRETE,76.19047619047619,51.28205128205128,16,76.19047619047619,
57616,73588,SRINIVASA MARUTI STEEL,SRINIVASA,100.0,58.06451612903225,13,100.0,
71343,338964,JOSEPH PHILIP MANAGING PARTNER,MANAGING PARTNER MARIAMMA JOSEPH,86.79245283018868,51.61290322580645,27,86.79245283018868,
131253,176173,SRINIVASA BRICKS,SRISRINIDHI SRINIVASA CONSTRUCTIONS,72.0,50.98039215686274,22,72.0,
194889,322890,VENKATESWARA MEDICALS,LAKSHMI VENKATESWARA IRON,72.72727272727272,60.86956521739131,15,72.72727272727272,
142686,334864,ROYAL MINES AGGREGATE,MARUTI MINES MINERALS,61.904761904761905,47.61904761904761,13,61.904761904761905,
87032,323035,XEBIA IT ARCHITECTS INDIA,OCI ARCHITECTS,83.33333333333333,61.53846153846154,13,83.33333333333333,
266986,301756,HIMALAYAN STONE HAMLET,HIMALAYAN VACATIONS,68.29268292682927,63.41463414634146,12,68.29268292682927,
248663,288090,ARUN TRADERS,ARUN INDUSTRIES,66.66666666666666,66.66666666666667,8,100.0,
137956,212574,V M SHAH,DEVENDRA NAGINCHAND SHAH HUF,66.66666666666666,38.888888888888886,21,66.66666666666666,
82924,283097,BLUEWUD CONCEPTS,TERRAFORM CONCEPTS,66.66666666666666,58.82352941176471,9,66.66666666666666,
163882,276134,SHANTI PACKERS MOVERS,SPECIFIC PACKERS,60.869565217391305,54.054054054054056,13,60.869565217391305,
235837,271415,ORANGE CITY TOURS TRAVELS,CITY TOURS TRAVELS,100.0,83.72093023255813,7,100.0,
33629,123910,JUBILANT FOODWORKD,JUBILANT FOOD WORKS,91.89189189189189,91.89189189189189,2,100.0,
179684,334500,ASHOK ASSOCIATES,ASHOK CONCRETE,66.66666666666666,66.66666666666667,7,66.66666666666666,
237538,277225,KOLHAN MINES MINERALS,DALPAHAR IRON MANGANESE MINES,60.0,60.0,17,60.0,
270887,310512,SMART CITY HOSPITAL,PLATINA CITY RESORT,63.1578947368421,52.63157894736843,12,63.1578947368421,
123510,145398,SREE SANKAR M A MANAGING PARTNER,SANKAR TEXTILE,60.0,39.13043478260869,23,60.0,
31765,98740,AJANTA GARTEX PROCESSORS LI,A V PROCESSORS,83.33333333333333,63.41463414634146,14,83.33333333333333,
329695,344200,KHEMCHAND MOTILAL JAIN TOBACCO,VENKATA SAI TOBACCO,61.224489795918366,61.224489795918366,15,61.224489795918366,
148531,178665,BEST CONSTRUCTION PROPERTY,KVR BEST PROPERTY MANAGEMENT,66.66666666666666,48.14814814814815,21,100.0,
98410,276558,VAM CONSULTING ENGINEERS ARCHITECTS,MAYA ARCHITECTS,80.0,48.0,23,80.0,
245600,294219,ALLIANCE CURE,ALLIANCE AUTOMOBILES LIMITE,76.19047619047619,55.00000000000001,16,76.19047619047619,
72336,298095,MATHEW,SUGU MATHEW PROPRIETOR,100.0,42.85714285714286,16,100.0,
314431,315428,PIONEER PROJECTS,PIONEER ENGINEERING ENTERPRISES,60.869565217391305,51.06382978723405,19,100.0,
152210,258161,VAIBHAVM READYMIX CONCRETE,GOYAL READYMIX,72.72727272727272,50.0,16,72.72727272727272,
42650,156459,BLUE BELL OFFICE SOLUTION,DIGITAL IMAGING OFFICE SOLUTIONS,63.1578947368421,63.1578947368421,15,54.54545454545455,
120794,172396,KARANYA CONCEPTS,OYSTER BATH CONCEPTS L T D,66.66666666666666,52.38095238095239,16,66.66666666666666,
183442,197052,UNIVERSAL BUS SERVICES,UNIVERSAL PRINTING PRESS,60.869565217391305,60.86956521739131,12,81.81818181818181,
117779,278155,ELITE REALTY CONSULTANTS,ELITE MEDIA,62.5,45.714285714285715,16,62.5,
219492,308343,UNIVERSAL CONSTRUCTION,UNIVERSAL STEEL DISCS,60.46511627906977,60.46511627906976,11,100.0,
243807,285949,CONCRETE CONCEPTS,ABSOLUTE CONCEPTS EVE ENT,64.0,57.14285714285714,14,64.0,
72220,107149,UNIVERSAL,UNIVERSAL RECEPTACLE,100.0,62.06896551724138,11,100.0,
2139,315216,HAREKRUSHNA READYMIX,K S READYMIX,80.0,68.75,9,80.0,
152657,279581,PARAMOUNT SAFETY ALLIANCE,DEVLABS ALLIANCE,66.66666666666666,53.65853658536586,15,66.66666666666666,
175367,303947,PARTNER JOSEPH V ELIAS,PARTNER LOVELY JOSEPH,80.0,65.11627906976744,11,80.0,
135649,239307,PREMIER FOOD BEVERAGES,PREMIER TRADER,66.66666666666666,61.111111111111114,11,100.0,
244205,261113,BAHADURA RESIDENCY,SHEETAL RESIDENCY,69.23076923076923,68.57142857142857,7,69.23076923076923,
20427,282553,LAKSHMI SRINIVASA AUTO AGENCIES,SRINIVASA TRANSPORTS,62.06896551724138,54.90196078431373,18,100.0,
110475,188773,PIONEER MECHANICALS,PIONEER HOUSING,63.63636363636363,58.82352941176471,10,63.63636363636363,
71904,151821,GATEWAY CONSTRUCTION,GATEWAY VINCOM,66.66666666666666,64.70588235294117,9,100.0,
218019,333321,ELITE OFFSHORE,ELITE POWERTECH,62.06896551724138,62.06896551724138,8,62.06896551724138,
137190,153546,ALLIANCE IMPEX,ALLIANCE,100.0,72.72727272727273,6,100.0,
24663,333123,PROPRIETOR ALFRED THOMAS,PROP JOE THOMAS,66.66666666666666,66.66666666666667,11,68.57142857142857,
32343,262404,ADS LABTECH,SR ADS,66.66666666666666,35.29411764705882,9,66.66666666666666,
198306,344746,BEST SPRING FORMS,BEST PLY,66.66666666666666,48.0,11,66.66666666666666,
54282,169529,GUJARATTEA PROCESSORS PACKERS,EXPERT CARGO PACKERS MOVERS,60.714285714285715,46.42857142857143,20,60.714285714285715,
80851,339609,PANJWANI ARCHITECTS,RAJAPPA SHOBANA ARCHITECTS,68.9655172413793,66.66666666666667,11,68.9655172413793,
199816,333142,KAMAKHYA UDYOG,MAA KAMAKHYA MOTORS UNIT 2,72.72727272727272,50.0,16,72.72727272727272,
34375,235997,ELITE WINES,UNI DESIGH ELITE JEWELLERY,62.5,43.24324324324324,18,62.5,
161669,286660,MANAGING PARTNER JOSEPH P T,MANAGING PARTNER DEEPAK JOSEPH,92.0,80.70175438596492,11,92.0,
204800,241618,VENKATESWARA SUPPLIERS,VENKATESWARA OXYGEN,77.41935483870968,68.29268292682926,8,77.41935483870968,
80311,298681,PLAZA FAMILY RESTAURANT BAR,RITZ CLASSIC RESTAURANT BAR,70.37037037037037,70.37037037037037,10,70.37037037037037,
160144,168752,UNIVERSAL AUTOFOUNDRY,JUST UNIVERSAL,78.26086956521739,51.42857142857142,17,78.26086956521739,
72336,112170,MATHEW,PROPRIETOR SELVIN MATHEW,100.0,40.0,18,100.0,
216446,302934,PREMIER AGENCIES,PREMIER SEALS INDIA,68.57142857142857,62.857142857142854,9,100.0,
84928,342017,HONEY PACKERS TRADERS,OMDEO PACKERS MOVERS,63.41463414634146,68.29268292682926,8,70.0,
106205,280000,TOMY JOSEPH MANAGING PARTNER,JOSEPH,100.0,35.29411764705882,22,100.0,
132945,265051,MAGNUS UNIVERSAL,UNIVERSAL ENTERPRISES,72.0,48.64864864864865,16,100.0,
227445,304636,VENKATA SRINIVASA RICE ENTERPRISES,PERAMBUR SRI SRINIVASA SWEETS,60.317460317460316,53.968253968253975,23,58.8235294117647,
113601,161689,A V THOMAS,PROPRIETOR JEFF THOMAS,75.0,50.0,14,75.0,
125447,191367,UNIVERSAL CONSTRUCTION,UNIVERSAL FIRE PROTECTION SERVICES,60.714285714285715,60.71428571428572,18,100.0,
67426,342110,BOMBAY TRADING INDIA,BOMBAY HANDICRAFTS,63.1578947368421,63.1578947368421,11,100.0,
126558,245867,BIJU JOSEPH MANAGING DIRECTOR,MANAGING PARTNER DOLAMMA JOSEPH,68.18181818181819,40.0,28,68.18181818181819,
63878,85421,TM CONCEPTS,STHALAM CONCEPTS,84.21052631578948,81.4814814814815,5,84.21052631578948,
293795,324131,JONES ELITE LOGISTICS,ELITE SHOE,66.66666666666666,45.16129032258065,14,76.19047619047619,
44124,137101,UNIVERSAL ART INDUSTRIES,UNIVERSAL POWER SYSTEMS,68.08510638297872,68.08510638297872,11,81.81818181818181,
68836,145313,CITY MRI CENTRE,CITY AUTO,61.53846153846154,50.0,9,100.0,
234311,293835,AMOGHA OFFICE INFRA SOLUTIONS L,YASH OFFICE SOLUTIONS,86.48648648648648,73.07692307692308,13,70.58823529411765,
193574,315566,PROPRIETOR GINO MATHEW,JACOB C MATHEW PROPRIETOR,87.17948717948718,42.553191489361694,22,87.17948717948718,
6296,248301,RACHANA SPEED LOGISTIC,5 SPEED,83.33333333333333,41.379310344827594,16,83.33333333333333,
76923,149089,INTRACARE SEA,SEA SKY TRAVEL INDIA,60.60606060606061,36.36363636363637,16,59.25925925925926,
200850,297563,BRITTO SEA FOODS EXPORTS,K R SEA FOODS,81.81818181818181,59.45945945945945,14,60.0,
201670,323197,KRISHNA SHEET PROCESSORS,TRIBENI PROCESSORS,71.42857142857143,66.66666666666667,10,71.42857142857143,
72688,315476,VENKATESWARA CAPITAL,VENKATESWARA CRUSHER,75.0,70.0,6,75.0,
231774,305068,QUALITY PACKERS,DD CARGO PACKERS MOVERS,63.63636363636363,47.36842105263158,15,63.63636363636363,
89394,252706,JAI SHANKAR MINES MINERALS,UDAY MINES,66.66666666666666,38.888888888888886,19,66.66666666666666,
27027,54672,ANJALI GROUP OF INDUSTRIES,ANJALI PAINT,66.66666666666666,57.89473684210527,15,66.66666666666666,
59194,107953,SRINIVASA AGRO TRADERS,SRINIVASA AGRI PRODUCTS IPL,69.38775510204081,69.38775510204081,10,78.26086956521739,
102231,288181,VENKATESWARA BLUE METALS,VENKATESWARA GAS SERVICES,66.66666666666666,65.3061224489796,10,85.71428571428571,
24643,158700,MANAGING PARTNER DR JOSEPH GEORGE,DEEPAK JOSEPH MANAGING PARTNER,86.79245283018868,50.79365079365079,30,86.79245283018868,
54094,187276,ELITE FURNITURE,ELITE PACK,66.66666666666666,48.0,9,66.66666666666666,
38042,264661,VENKATESWARA GRANITES,VENKATESWARA LOVAPRASAD EXPORTS,72.72727272727272,65.38461538461539,14,72.72727272727272,
136307,347148,UNIVERSAL MOTORS,UNIVERSAL EQUIPMENT,72.0,68.57142857142857,9,72.0,
22,203534,CITY,CITY TRAVELS,100.0,50.0,8,100.0,
116525,269174,ANEESH JOSEPH PROPRIETOR,EBY JOSEPH PROPRIETOR,89.47368421052632,84.44444444444444,5,89.47368421052632,
283557,341823,INOTECH SUPPLIES,VIKAS SALES SUPPLIES,66.66666666666666,61.111111111111114,10,66.66666666666666,
13636,314518,BEST DIAGNOSTICS,BEST ANDAMAN HOSPITALITY,60.0,60.0,13,60.0,
92456,104265,UNIVERSAL ENGINEERING,GRINDKING UNIVERSAL,80.0,44.99999999999999,15,100.0,
298242,314647,VENKATESWARA POWER SYSTEMS,LAKSHMI VENKATESWARA TRACTORS,63.1578947368421,58.18181818181818,18,75.0,
320649,332532,UNIVERSAL CAB SERVICES,UNIVERSAL MASTERBATCH,69.76744186046511,69.76744186046511,9,81.81818181818181,
48181,54027,ABHAYA SEA FOODS,KSV SEA FOODS,81.81818181818181,68.96551724137932,6,60.0,
38526,73383,SRINIVASA AMBULANCE SERVICE,SRINIVASA INDUSTRIAL SERVICES,71.42857142857143,71.42857142857143,10,64.28571428571428,
11909,348394,PARK HOSPITALS,HOTEL ROYAL PARK,66.66666666666666,33.333333333333336,13,66.66666666666666,
249156,322890,VENKATESWARA PAINTS,LAKSHMI VENKATESWARA IRON,77.41935483870968,68.18181818181819,13,77.41935483870968,
168172,262386,MAGNUM SEA FOODS,SPV SEA FOODS,81.81818181818181,68.96551724137932,6,60.0,
122912,257806,CONCEPTS HYGIENE,MEDICAL CONCEPTS,66.66666666666666,50.0,15,66.66666666666666,
95203,277718,SRINIVASA ENGINEERING PROJECTS,SRINIVASA MARBLES,69.23076923076923,55.319148936170215,17,100.0,
44214,337048,SARASWATI MINES MINERALS,BALAJI MINES MINERLAS,62.22222222222222,75.55555555555556,8,73.17073170731707,
44124,233760,UNIVERSAL ART INDUSTRIES,UNIVERSAL HOME APPLIANCES,61.224489795918366,61.224489795918366,12,81.81818181818181,
33957,186403,SHREE SHYAM MINES MINERAL,BALWAN MINES MINERALS,60.869565217391305,65.21739130434783,11,63.41463414634146,
315566,333071,JACOB C MATHEW PROPRIETOR,SUJESH MATHEW PROPRIETOR,82.92682926829268,77.55102040816327,7,82.92682926829268,
229575,342142,STAR AIR SEA LOGISTICS,SEA GOLD LOGISTICS,83.87096774193549,65.0,9,54.54545454545455,
221312,327817,GOVINDA GOPAL MINES MINERALS P LT,GSP MINES MINERALS,87.5,66.66666666666667,16,87.5,
13109,196565,SRINIVASA EDIFICE PRAVIATE,SRINIVASA GAS AGENCIES,62.5,58.33333333333333,14,81.81818181818181,
79965,125216,UNIVERSAL ELEC ND REFRIGERATION,UNIVERSAL AGENCIES,66.66666666666666,57.14285714285714,17,100.0,
238018,240095,AAKAAR ARCHITECTS,ARCHITECTS VALLEY,74.07407407407408,58.82352941176471,14,74.07407407407408,
25276,253035,PIONEER POWER SERVICE,PIONEER CARGO,70.0,52.94117647058824,12,100.0,
232125,319599,MAA SANTOSHI PACKERS MOVERS,MITTAL PACKERS,66.66666666666666,48.78048780487805,17,66.66666666666666,
136307,195507,UNIVERSAL MOTORS,FUTURE UNIVERSAL PETROCHEM,72.0,57.14285714285714,14,72.0,
145313,338377,CITY AUTO,99 CITY BEST CAR RENTAL INDIA,61.53846153846154,36.8421052631579,22,100.0,
27271,252574,PAPER BOARD AGENCY,JAIN PAPER BOARD MILLS,75.86206896551724,60.0,11,100.0,
53823,158720,PROPRIETOR SUNNY MATHEW,NAVEEN MATHEW PHILIP PROPRIETOR,85.0,37.03703703703704,27,85.0,
257129,310266,MADHA MINES,SHUBHAM MINES MINERALS,62.5,48.484848484848484,14,62.5,
37465,311114,G M TEA PACKERS,ALFA PACKERS MOVERS,64.70588235294117,52.94117647058824,13,64.70588235294117,
190546,311956,UNIVERSAL BOOK DISTRIBUTING,UNIVERSAL AUTO WORKS,62.06896551724138,59.57446808510638,15,100.0,
137829,270766,KNOWLEDGE CITY EDUCATION,CITY LPG,66.66666666666666,31.25,19,66.66666666666666,
76558,210225,MOHAMMED ASHFAQ,PROPRIETOR MOHAMMED ASHRAF,69.56521739130434,63.41463414634146,13,69.56521739130434,
295529,327817,MAA VAISHNO MINES MINERALS,GSP MINES MINERALS,87.5,72.72727272727273,10,87.5,
4733,76642,ATUL RUBBER PROCESSORS,KOMALS FOOD PROCESSORS CATERERS,62.5,52.83018867924528,20,66.66666666666666,
1082,300983,SRINIVASA EDIFICE,LAKSHMI SRINIVASA AGRO,69.23076923076923,51.28205128205128,15,69.23076923076923,
213946,298148,JOSEPH SCARIA PROPRIETOR,PROPRITER ROY JOSEPH,77.27272727272728,36.36363636363637,20,77.27272727272728,
106344,154305,ASK SEA FOODS,COASTAL SEA FOODS,81.81818181818181,80.0,5,66.66666666666666,
107465,176613,ASHOK KUMAR SONS HUF,ASHOK A PATEL HUF,69.23076923076923,64.86486486486487,9,69.23076923076923,
137956,323245,V M SHAH,SHAH MACHINES,66.66666666666666,38.095238095238095,10,66.66666666666666,
25301,34168,SOUTHERN SUPPLIES,MAHARAJA INDUSTRIAL SUPPLIES,64.0,53.333333333333336,17,64.0,
81540,197483,PAGARANI UNIVERSAL INFRA,UNIVERSAL AGENCY RAMGARH LI,62.745098039215684,50.98039215686274,23,73.6842105263158,
8831,323197,MAADHAV PROCESSORS,TRIBENI PROCESSORS,71.42857142857143,61.111111111111114,7,71.42857142857143,
50148,255452,S S PIONEER,PIONEER HOLON AGROECOLOGY,87.5,38.888888888888886,21,87.5,
138431,186357,PARAMOUNT UNIVERSAL,UNIVERSAL IMP EXP HOSPITALITY,64.28571428571428,37.5,23,64.28571428571428,
48889,321110,KAVYATRI PAPER BOARD,GUPTA BOARD,62.5,51.61290322580645,12,62.5,
141352,298495,SRINIVASA TRADING,SRINIVASA KONDURG MINERALS,69.23076923076923,60.46511627906976,13,100.0,
59949,88349,NATIONAL OFFICE MART,B A FAMILY OFFICE,64.86486486486487,54.054054054054056,13,64.28571428571428,
34375,73970,ELITE WINES,ELITE MOP MORE,62.5,56.00000000000001,8,62.5,
69606,134167,MANN RESIDENCY,HOTEL SHREE KANHA RESIDENCY,78.26086956521739,58.53658536585367,15,78.26086956521739,
1160,106261,K SRINIVASA IYENGAR SONS,SRINIVASA CARDS STATIONERY,64.0,64.0,16,64.0,
77077,298143,PROPRIETOR JIMMY MATHEW,PROPRIETOR GEORGEY MATHEW,85.0,79.16666666666666,6,85.0,
186899,302934,ANSOL PREMIER INDUSTRIES,PREMIER SEALS INDIA,65.11627906976744,55.81395348837209,16,76.92307692307692,
4508,33774,NFS MINES MINERALS,KUMKUM MINES MINERALS,87.5,76.92307692307692,6,87.5,
249645,282237,PATEL WOOD WORKS,OM VIGNESWARA WOOD WORKS,76.92307692307692,60.0,12,57.142857142857146,
23012,119870,R MANONMANI PROP OF ASHOK TEX,ASHOK KUMAR JAIN PROP S R OSWAL,66.66666666666666,43.333333333333336,23,66.66666666666666,
142686,161751,ROYAL MINES AGGREGATE,NRP MINES,71.42857142857143,46.666666666666664,15,71.42857142857143,
294831,331318,PIONEER PRINTERS PACKAGERS,PIONEER DENTAL,66.66666666666666,55.00000000000001,15,66.66666666666666,
88898,303930,PROPRIETOR V V JOSEPH,DIRECTOR SHIJO JOSEPH,65.0,61.904761904761905,11,65.0,
56558,247413,OTIUM WOOD INDUSTRIES,RUSTIC WOOD INDUSTRIES,83.72093023255815,83.72093023255813,5,66.66666666666666,
153363,275306,PIONEER ENG INDU AUTO CASTING,PIONEER FINANCE,63.63636363636363,54.54545454545454,17,100.0,
37935,96020,GEETA,GEETA INFOTECH INDIA,100.0,40.0,15,100.0,
54083,285210,CONCEPT SOLUTIONS METFAB,SILICONE CONCEPTS INTL,65.21739130434783,47.82608695652174,19,50.0,
53004,217959,UNIVERSAL CONTRACTORS ENGINEERS,UNIVERSAL POWER CONVERSION,66.66666666666666,63.1578947368421,15,66.66666666666667,
166279,321498,SHAH MOTILAL,A N SHAH,66.66666666666666,40.0,9,66.66666666666666,
278155,344472,ELITE MEDIA,ELITE BASKET,62.5,60.86956521739131,6,62.5,
59636,59671,MANAGING PARTNER JOSEPH M V,BIJU JOSEPH MANAGING PARTNER,92.0,58.18181818181818,23,92.0,
57490,318082,YADAGIRI PACKERS MOVERS,RAVI PURSE PACKERS,63.41463414634146,53.65853658536586,15,63.41463414634146,
129031,143233,BHARANI WOOD WORKS,ARIHANT WOOD PRODUCTS,61.53846153846154,61.53846153846154,11,54.54545454545455,
46496,155691,JET SPEED REALTORS,SPEED MOTORS,66.66666666666666,66.66666666666667,8,66.66666666666667,
98996,329528,JMS UNIVERSAL TECHNOLOGIES,UNIVERSAL BIOCON,72.0,57.14285714285714,14,81.81818181818181,
81504,343075,GATEWAY PLATFORMS,RK GATEWAY TRAVELS,62.857142857142854,62.857142857142854,10,82.35294117647058,
72593,190196,SHA RAJESH KUMAR YOGESH KUMAR,YOGESH SHAH SECURITIES,66.66666666666666,39.21568627450981,22,66.66666666666666,
210414,313263,BANSI OFFICE SOLUTIONS,QUICK OFFICE SOLUTIONS,84.21052631578948,81.81818181818181,5,66.66666666666666,
175308,261997,PREMIER ROLLER FLOUR MILLS,PREMIER ROADLINE,60.869565217391305,57.14285714285714,14,60.869565217391305,
234759,344493,LATEST OFFICE SOLUTIONS,OFFICE CARE SERVICES,60.46511627906977,46.51162790697675,17,75.0,
61474,345687,NEXA PROCESSORS,PLASTRULON PROCESSORS,80.0,66.66666666666667,10,80.0,
42196,301629,PROPRIETOR NAVYA BAKE SHOP,NAVYA SALES,62.5,48.64864864864865,17,62.5,
155993,291744,UNIVERSAL FLYING SERVICES,UNIVERSAL METROLOGY ALLIED SERVICE,71.1864406779661,71.1864406779661,14,72.0,
101936,151296,UNIVERSAL APPAREL DESIGN,UNIVERSAL MUSIC INDIA,62.22222222222222,57.77777777777777,12,75.0,
116377,149748,PREMIER FINANCIAL SERVICES,PREMIER POWER PRODUCTS CAL,61.53846153846154,46.15384615384615,17,59.45945945945946,
6981,52990,BABU MATHEW PROPRIETOR,PROPRIETOR VINEETH MATHEW,87.17948717948718,42.553191489361694,23,87.17948717948718,
158298,298208,LAKSHMI VENKATESWARA ENTERPRISE,VENKATESWARA CONSTRUCTIONS,63.1578947368421,63.1578947368421,18,100.0,
234631,299518,PREMIER AUTOMATION SOLUTIONS,PREMIER PEOPLE LOGISTIC SOLUTION,70.0,66.66666666666667,14,66.66666666666666,
118430,342422,ASHOK MEWARA HUF,ASHOK PAN BAHAR,64.51612903225806,58.06451612903225,8,64.51612903225806,
137518,295705,NATIONAL STEEL PROCESSORS,RITANSHI STEEL PROCESSORS,78.04878048780488,76.0,7,68.9655172413793,
112689,284081,SRINIVASA DYES SERVICES,SRINIVASA TRAVELS AGENCY,68.08510638297872,63.829787234042556,12,100.0,
211151,275098,PIONEER INTERIOR PROJECTS,PIONEER INDUSTRIAL SOLUTIONS,64.15094339622641,64.15094339622642,14,76.47058823529412,
61473,218151,MG PROCESSORS,SHIV SHANKAR TEXTILE PROCESSORS,86.95652173913044,50.0,20,86.95652173913044,
6598,177888,KRISHNA MINES,KRISHANA MINES MINERALS,72.22222222222223,72.22222222222221,10,72.72727272727273,
244897,304771,SRINIVASA AUTO AGENCY,SRINIVASA PRODUCTS,66.66666666666666,61.53846153846154,10,100.0,
245572,281187,UNIVERSAL LIGHTING TECHNOLOGY,UNIVERSAL TRANSPORT,64.28571428571428,54.16666666666667,16,100.0,
81241,186357,UNIVERSAL MEDICAL,UNIVERSAL IMP EXP HOSPITALITY,69.23076923076923,65.21739130434783,14,69.23076923076923,
57347,132935,UNIVERSAL ROADWAYS,UNIVERSAL HI TECH,69.23076923076923,57.14285714285714,8,85.71428571428571,
175282,249414,PREMIER CRYOGENICS,PREMIER SERVICES,70.58823529411765,70.58823529411764,8,100.0,
313851,319599,ASHOKA TIMBER PACKERS,MITTAL PACKERS,66.66666666666666,51.42857142857142,12,66.66666666666666,
59413,160255,ASHOK KUMAR JAIN,ASHOK KUMAR LADURAM HUF,81.48148148148148,66.66666666666667,10,81.48148148148148,
89394,166527,JAI SHANKAR MINES MINERALS,LAXMI MINES MINERALS,82.35294117647058,73.91304347826086,10,82.35294117647058,
60991,207898,BOMBAY FASHION,NEW BOMBAY TEXTILES,60.0,48.484848484848484,11,60.0,
70239,323460,UNIVERSAL SOLAR,UNIVERSAL STONE EXPORTS,75.0,68.42105263157895,10,75.0,
202572,342217,ORANGE CITY WATER,STEEL CITY PRESS,60.60606060606061,48.484848484848484,11,57.142857142857146,
174106,263484,AASIM ALI ARCHITECTS,M A ARCHITECTS,83.33333333333333,82.35294117647058,6,83.33333333333333,
314585,335979,LAKSHMI SRINIVASA ENTERPRISES,LAKSHAMI SRINIVASA AGRO PARK,66.66666666666666,73.6842105263158,11,78.04878048780488,
97040,119225,PRIMETECH OFFICE SOLUTION,AVIGHNA OFFICE SOLUTIONS,73.46938775510205,73.46938775510203,9,60.0,
261884,295727,MAGHAN PACKERS,EXPRESS CARGO PACKERS MOVERS,66.66666666666666,47.61904761904761,19,66.66666666666666,
14651,237139,PIONEER PRODUCTS,PIONEER TRANSPORT,66.66666666666666,66.66666666666667,8,100.0,
19779,298190,EBIN BABU OOMMEN PROPRIETOR,BABU ENTERPRISES,60.46511627906977,55.81395348837209,16,100.0,
122912,315984,CONCEPTS HYGIENE,MYLES HIGH HEALTH CONCEPTS,66.66666666666666,38.095238095238095,21,66.66666666666666,
54813,283648,UNIVERSAL EARTHMOVERS ENGINEERS,A G UNIVERSAL,81.81818181818181,40.90909090909091,25,81.81818181818181,
217551,343760,CUT SPEED TOOLS,TRI SPEED CARGO,60.0,60.0,8,60.0,
181881,194597,DIRECTOR DAVID MATHEW,PARTNER TONY MATHEW,60.0,55.00000000000001,11,60.0,
26421,147359,SUNIDHI SPINNING,SHAMY SPINNING MILLS,66.66666666666666,61.111111111111114,12,66.66666666666666,
96580,330826,A B PACKERS,PRADEEP INDUSTRIAL PACKERS,77.77777777777777,54.054054054054056,16,77.77777777777777,
54084,147413,MELTING POT CONCEPTS,CONCEPT EATERIES,61.111111111111114,44.44444444444444,15,61.111111111111114,
42847,339609,ND STUDIO ARCHITECTS,RAJAPPA SHOBANA ARCHITECTS,66.66666666666666,60.86956521739131,13,66.66666666666666,
96048,322980,RIO UNIVERSAL,UNIVERSAL MILL STORES,81.81818181818181,52.94117647058824,16,81.81818181818181,
92069,308601,BLASTO METAL SPRAY PROCESSORS,BENGAL STEEL PROCESSORS,65.38461538461539,65.38461538461539,13,74.07407407407408,
112885,189356,PREMIER STEEL COMPLEX,FELIXA PREMIER BUILDER,60.46511627906977,46.51162790697675,16,63.63636363636363,
21760,338964,DESIGNATED PARTNER JOSEPH DEVASIA,MANAGING PARTNER MARIAMMA JOSEPH,64.61538461538461,52.3076923076923,23,64.61538461538461,
134055,314211,WORLD VISION PACKERS MOVERS,MEEM PACKERS,73.6842105263158,41.02564102564102,19,73.6842105263158,
65391,274865,CHEMSTONE CONCEPTS,CREATIVE CONCEPTS SOLUTIONS,66.66666666666666,57.77777777777777,15,74.28571428571428,
175530,222763,A T T COMM SERVICE INDIA,SYNERGIE INST OF TRADE COMM INDIA,69.0909090909091,52.63157894736843,23,66.66666666666666,
135942,218664,SHREE PACKERS MP UNIT111,CHAND PACKERS,70.0,48.64864864864865,15,70.0,
140275,247480,RAJLAKSHMI PAPER BOARD,RVN PAPER BOARDS,68.42105263157895,68.42105263157895,10,68.42105263157895,
37465,188186,G M TEA PACKERS,LUXMI PACKERS,70.0,64.28571428571428,7,70.0,
53933,322890,LAXMI VENKATESWARA BAG WORKS,LAKSHMI VENKATESWARA IRON,67.9245283018868,71.69811320754718,11,76.59574468085106,
74191,158878,RADHEY MINES,MEGA MINES,66.66666666666666,63.63636363636363,6,66.66666666666666,
6714,165815,DEEP CHAND ASHOK KUMAR,AMRATLAL ASHOK KUMAR,70.96774193548387,61.904761904761905,9,70.96774193548387,
265796,287333,INFORM ARCHITECTS,SHILPA ARCHITECTS PLANNERS,74.07407407407408,55.81395348837209,15,74.07407407407408,
169244,275098,PIONEER PACKAGING INDUSTRIES,PIONEER INDUSTRIAL SOLUTIONS,67.85714285714286,60.71428571428572,16,58.333333333333336,
96048,294403,RIO UNIVERSAL,UNIVERSAL MEDICAL GROUP,81.81818181818181,50.0,18,81.81818181818181,
169263,206690,NIDHI PACKERS,UNION CARGO PACKERS MOVERS,70.0,51.28205128205128,16,70.0,
16772,56325,ARCHITECTS COMBINE,PROCESS ARCHITECTS,72.22222222222223,55.55555555555556,15,72.22222222222223,
